id,language,key,value,created_at,updated_at
00551836-df66-4ed6-a427-186ba2d17996,en,categories.reference,Reference,2025-03-10 21:08:48.918996+00,2025-03-10 22:17:57.773514+00
00ce2159-2521-4912-9e8e-dc4833f376a7,en,common.error,An error occurred,2025-03-10 21:25:23.910641+00,2025-03-10 22:17:57.773514+00
00d9199b-786f-49a3-8932-4e353f64f2ed,en,category.clearFilters,Clear all filters,2025-03-11 13:56:46.837146+00,2025-03-11 13:56:46.837146+00
01810dd0-b0b0-4eb4-8d30-bb7e29fcbbf4,pt-BR,profile.accountInfo.email,Email,2025-03-11 13:56:46.837146+00,2025-03-11 13:56:46.837146+00
01e1490e-8e97-41b8-ab01-05d27c6e81f8,pt-BR,comments.noComments,Nenhum comentário ainda. Seja o primeiro a comentar!,2025-03-11 18:47:58.506637+00,2025-03-11 18:47:58.506637+00
022b98af-d759-43e0-9044-a18bbc1dd9ea,pt-BR,resource.details,Detalhes,2025-03-10 21:25:23.910641+00,2025-03-10 22:17:57.773514+00
026b75fa-bce5-4c28-a354-aff745a70889,pt-BR,common.backToHome,Voltar para a Página Inicial,2025-03-10 21:08:48.918996+00,2025-03-10 22:17:57.773514+00
0386b9d0-74fe-4299-87cc-09c0ef9f8600,en,categories.learn,Learn,2025-03-10 21:08:48.918996+00,2025-03-10 22:17:57.773514+00
03b3804f-2505-477f-823a-51ff7c51e2ad,pt-BR,tags.tools,ferramentas,2025-03-11 18:20:36.101134+00,2025-03-11 18:20:36.101134+00
040d060c-7b72-4b57-aa47-d6284d5022d1,pt-BR,status.tables.status,Status,2025-03-11 13:56:46.837146+00,2025-03-11 13:56:46.837146+00
04805d84-bb1f-4a2d-ae3a-e1c1f8ff9379,pt-BR,ui.retry,Tentar novamente,2025-03-11 15:35:51.393939+00,2025-03-11 15:35:51.393939+00
04b92025-34fd-4016-b9e4-1499fbdee3ab,pt-BR,home.tags.trending,Tags em alta,2025-03-10 22:17:57.773514+00,2025-03-10 22:17:57.773514+00
054544e1-f050-44a6-8b36-950d4ce42a2f,pt-BR,home.filters.selected,selecionados,2025-03-10 22:17:57.773514+00,2025-03-10 22:17:57.773514+00
059e4185-d099-45ae-aac3-2635b756c604,pt-BR,status.server.responseTime,Tempo de Resposta,2025-03-11 13:56:46.837146+00,2025-03-11 13:56:46.837146+00
06bebbc7-3132-401b-8c72-05f3bb482c31,pt-BR,submit.title,Enviar um Recurso,2025-03-11 13:56:46.837146+00,2025-03-11 13:56:46.837146+00
07c6a972-8090-4eaf-85ad-3e8e8fc97193,pt,common.search,Buscar recursos...,2025-03-10 20:53:46.593206+00,2025-03-10 20:53:46.593206+00
08792709-642c-4cb7-9d04-580d4ac9ac04,pt-BR,ui.optional,Opcional,2025-03-11 15:35:51.393939+00,2025-03-11 15:35:51.393939+00
0896f31d-c68b-4b8b-82a4-400c1aa0e283,en,home.stats.categories,Categories,2025-03-10 22:17:57.773514+00,2025-03-10 22:17:57.773514+00
09076785-b6a3-43b6-8302-c89548f5b4a8,en,editProfile.errors.connection,Could not connect to database. Please check your internet connection.,2025-03-10 22:35:19.634073+00,2025-03-10 22:35:19.634073+00
09b23654-68c6-49a1-b04c-628f56a2553a,pt-BR,common.loadMore,Mostrar mais,2025-03-11 13:56:46.837146+00,2025-03-11 13:56:46.837146+00
0a3fe1a1-7486-4f38-9848-e2c33b03bbe5,en,ui.add,Add,2025-03-10 22:17:57.773514+00,2025-03-10 22:17:57.773514+00
0ad08702-9fb9-4643-a248-1c4175f4e776,pt-BR,editProfile.errors.title,Erro ao Carregar Perfil,2025-03-10 22:35:19.634073+00,2025-03-10 22:35:19.634073+00
0b440a15-36a3-4ca0-b614-d031c050cef2,pt-BR,resource.likes,Curtidas,2025-03-10 21:25:23.910641+00,2025-03-10 22:17:57.773514+00
0bcfc1c6-fff1-4b81-ac68-c0358bb03c4a,en,profile.accountInfo.title,Account Information,2025-03-11 13:56:46.837146+00,2025-03-11 13:56:46.837146+00
0bd5382b-3891-41ea-af45-25e02c7c6afd,pt-BR,resource.category,Categoria,2025-03-10 21:25:23.910641+00,2025-03-10 22:17:57.773514+00
0c212be8-1a6d-4ab3-86ea-1af9a6bf94ea,en,home.tags.all,All tags,2025-03-10 22:17:57.773514+00,2025-03-10 22:17:57.773514+00
0c6be100-fc4d-456f-8fb8-3425b2d9f75e,en,ui.filter,Filter,2025-03-10 22:17:57.773514+00,2025-03-10 22:17:57.773514+00
0c9509da-1ec0-4620-bac6-a1e29b70e864,pt,common.editProfile,Editar Perfil,2025-03-10 20:53:46.593206+00,2025-03-10 20:53:46.593206+00
0cc0d037-4a65-42f1-b921-67f0e1bc9f82,en,favorites.signInPrompt,Sign in to save and view your favorite resources.,2025-03-11 13:56:46.837146+00,2025-03-11 13:56:46.837146+00
0cf84a42-e688-43de-90a1-214089765276,en,home.filters.selected,selected,2025-03-10 22:17:57.773514+00,2025-03-10 22:17:57.773514+00
0d57b23f-5a3e-46fb-bb2f-fa0fbbacab83,en,editProfile.form.save,Save Changes,2025-03-10 22:35:19.634073+00,2025-03-10 22:35:19.634073+00
0d60f5c2-3501-4459-9efc-99f4383a1d4d,en,home.categories.community,Community,2025-03-10 22:17:57.773514+00,2025-03-10 22:17:57.773514+00
0d9fedcb-acd0-47a1-b5c3-627dc8ceeb05,pt,home.search.submit,Buscar,2025-03-11 17:39:32.213919+00,2025-03-11 17:39:32.213919+00
0da65bc2-a5bd-4563-897d-0218deaccc92,en,category.filters.clear,Clear all filters,2025-03-11 13:56:46.837146+00,2025-03-11 13:56:46.837146+00
0dc763a2-2485-42d4-a211-94f43493bed0,en,home.sections.trending,Trending Now,2025-03-10 22:17:57.773514+00,2025-03-10 22:17:57.773514+00
0e0353c4-cd7f-491a-9a4b-2589647ce0f4,pt-BR,ui.search,Pesquisar,2025-03-10 22:17:57.773514+00,2025-03-10 22:17:57.773514+00
0e2594e9-8438-48b7-acec-7e5802a58d1a,en,common.share,Share,2025-03-11 13:56:46.837146+00,2025-03-11 13:56:46.837146+00
0e5849ff-bf42-4c82-865c-c8cc445147f6,en,submit.form.tagsHelp,"Separate tags with commas (e.g., design, tools, productivity)",2025-03-11 13:56:46.837146+00,2025-03-11 13:56:46.837146+00
0ec541e7-6888-45d3-ab07-9307b41ae79d,en,ui.sort,Sort,2025-03-10 22:17:57.773514+00,2025-03-10 22:17:57.773514+00
0ece9df9-c431-44c2-8e90-9857dec6b2f5,pt-BR,status.supabase.title,Status do Supabase,2025-03-11 13:56:46.837146+00,2025-03-11 13:56:46.837146+00
0eeb040b-fcee-44a8-9f53-12721cc845fd,en,tags.templates,templates,2025-03-11 18:20:36.101134+00,2025-03-11 18:20:36.101134+00
0fc6bba6-88fe-4d17-bd77-9c11e3cebc76,pt-BR,ui.apply,Aplicar,2025-03-10 22:17:57.773514+00,2025-03-10 22:17:57.773514+00
1065d413-c256-4539-ab96-27ac4933bc0c,pt-BR,ui.clear,Limpar,2025-03-10 22:17:57.773514+00,2025-03-10 22:17:57.773514+00
106cee31-3b01-4a9c-8335-030a8c2102e0,en,common.search,Search resources...,2025-03-10 20:53:46.593206+00,2025-03-10 20:53:46.593206+00
108cf3ce-c0bd-4cb1-b8ef-bc445c6243de,en,submit.description,Share a valuable resource with the community. All submissions are reviewed before being published.,2025-03-11 13:56:46.837146+00,2025-03-11 13:56:46.837146+00
10944a71-75e5-4b19-9665-52c0ac26f423,en,resource.commentsTitle,Comments ({count}),2025-03-11 15:35:51.393939+00,2025-03-11 15:35:51.393939+00
109ec3ab-b874-4fc6-ad10-95266fbf2e9e,en,tags.indesign,indesign,2025-03-11 18:47:58.506637+00,2025-03-11 18:47:58.506637+00
10bffabb-9c09-4f2c-8cca-ccda17a5a0aa,en,common.cancel,Cancel,2025-03-11 13:56:46.837146+00,2025-03-11 13:56:46.837146+00
11607ce4-647f-4205-8a62-eb51a86740ac,pt-BR,subcategories.icons,Ícones,2025-03-10 21:08:48.918996+00,2025-03-10 22:17:57.773514+00
135c87eb-ae85-4a2e-a7b0-22ca66cb1057,en,submit.form.tags,Tags,2025-03-11 13:56:46.837146+00,2025-03-11 13:56:46.837146+00
137b10da-f65f-4332-87a8-36921620a8c2,pt-BR,tags.other,Outros,2025-03-10 21:25:23.910641+00,2025-03-10 22:17:57.773514+00
13cc509e-718e-46c3-875f-e51a639965c2,pt-BR,editProfile.title,Editar Perfil,2025-03-10 22:35:19.634073+00,2025-03-10 22:35:19.634073+00
145898c6-2eea-4099-b749-d0f29a9708f3,en,favorites.errors.removeFavorite,Failed to remove from favorites,2025-03-11 13:56:46.837146+00,2025-03-11 13:56:46.837146+00
1460bf68-b675-4592-aab4-bb6cfa3ef251,pt-BR,home.sections.trendingResources,Em Destaque,2025-03-10 21:08:48.918996+00,2025-03-10 22:17:57.773514+00
147096a0-b717-43d6-b5c9-3c3854194961,pt-BR,resource.notFound,Recurso não encontrado,2025-03-11 15:35:51.393939+00,2025-03-11 15:35:51.393939+00
14987db1-e203-4bf5-b7e6-64e0ffda6d0b,en,editProfile.validation.tooLong,Username must be less than 20 characters long,2025-03-10 22:35:19.634073+00,2025-03-10 22:35:19.634073+00
14b9332d-b574-4541-b2fa-662d8702b6dd,en,common.backToHome,Back to Home,2025-03-10 21:08:48.918996+00,2025-03-10 22:17:57.773514+00
14e7fff5-dbf6-4988-9119-b3e43c1caf78,en,home.sections.filterResources,Filter Resources,2025-03-10 21:08:48.918996+00,2025-03-10 22:17:57.773514+00
158c021b-e3e4-43cb-a03a-9870ae47954b,pt-BR,subcategories.audiovisual,Audiovisual,2025-03-10 21:08:48.918996+00,2025-03-10 22:17:57.773514+00
16541a22-8438-40fb-8f98-751a75d96ed1,pt-BR,tags.premiere,premiere,2025-03-11 18:47:58.506637+00,2025-03-11 18:47:58.506637+00
16abe3ac-803f-474e-85a0-cc0466813165,en,profile.title,Profile,2025-03-11 13:56:46.837146+00,2025-03-11 13:56:46.837146+00
16f7ec66-f273-4428-99cd-32f064536866,pt,home.search.placeholder,"Busque por recursos, ferramentas ou inspiração...",2025-03-11 17:39:32.213919+00,2025-03-11 17:39:32.213919+00
174c987b-027f-4f73-925f-5b7f8154a43b,en,submit.errors.loadCategories,Failed to load categories,2025-03-11 13:56:46.837146+00,2025-03-11 13:56:46.837146+00
183531f5-ac05-414a-aa1c-d1e5b96c42e8,en,home.hero.titleEnd,for Your Projects,2025-03-10 21:08:48.918996+00,2025-03-10 22:17:57.773514+00
183d54e8-0c6c-49e2-a1ca-f22f134f53d1,pt-BR,resource.addFavorite,Adicionar aos favoritos,2025-03-10 21:25:23.910641+00,2025-03-10 22:17:57.773514+00
186a8b3c-6bc0-4305-8f2f-74406a5f5af3,pt-BR,submit.errors.loadCategories,Falha ao carregar categorias,2025-03-11 13:56:46.837146+00,2025-03-11 13:56:46.837146+00
18a552fa-e501-469b-915e-41edb0cce133,en,home.stats.resources,Resources,2025-03-10 22:17:57.773514+00,2025-03-10 22:17:57.773514+00
194e4780-5eb4-4b94-8c90-9c607001711c,en,tags.tools,tools,2025-03-11 18:20:36.101134+00,2025-03-11 18:20:36.101134+00
197916fe-35e5-417f-9045-574b971b0289,pt-BR,common.home,Início,2025-03-10 21:08:48.918996+00,2025-03-10 22:17:57.773514+00
19cb7357-2472-4356-b80f-f287c8b9f35f,en,home.categories.learn,Learn,2025-03-10 22:17:57.773514+00,2025-03-10 22:17:57.773514+00
19e50116-f0fe-4f16-ac51-edff347dd971,pt-BR,submit.form.tags,Tags,2025-03-11 13:56:46.837146+00,2025-03-11 13:56:46.837146+00
1a2ab260-1b8c-4fb6-8cb0-9501c28c3e9c,pt-BR,favorites.signInPrompt,Faça login para salvar e visualizar seus recursos favoritos.,2025-03-11 13:56:46.837146+00,2025-03-11 13:56:46.837146+00
1a4d0a84-5984-4100-a862-e3fd9e32172d,en,tags.resources,resources,2025-03-11 18:20:36.101134+00,2025-03-11 18:20:36.101134+00
1a5b86a9-da69-4d69-a3b3-23693771393b,pt-BR,home.sections.loading,Carregando recursos...,2025-03-10 22:17:57.773514+00,2025-03-10 22:17:57.773514+00
1a8ee0bd-000b-4571-bbb3-b811b159d5b3,en,submit.form.submit,Submit Resource,2025-03-11 13:56:46.837146+00,2025-03-11 13:56:46.837146+00
1ab8510b-d1a7-4f66-bed8-61016a3dee81,pt-BR,submit.form.url,URL,2025-03-11 13:56:46.837146+00,2025-03-11 13:56:46.837146+00
1ac9eb4a-3191-4d28-91d0-370caa01b83a,pt-BR,resource.loading,Carregando...,2025-03-11 15:35:51.393939+00,2025-03-11 15:35:51.393939+00
1ae87308-a223-468f-b3c9-762ef614d1e4,pt,categories.assets,Recursos,2025-03-11 17:39:32.213919+00,2025-03-11 17:39:32.213919+00
1b06c9d8-2b4b-41a1-bc61-f4a25aa8d97d,pt-BR,category.filters.subcategories,Subcategorias,2025-03-11 13:56:46.837146+00,2025-03-11 13:56:46.837146+00
1b2b9f5c-0215-481d-af1b-6f505832d9d0,pt-BR,ui.add,Adicionar,2025-03-10 22:17:57.773514+00,2025-03-10 22:17:57.773514+00
1b3b16e2-38f0-439b-9a17-51b874572fa2,pt-BR,categories.learn,Aprendizado,2025-03-10 21:08:48.918996+00,2025-03-10 22:17:57.773514+00
1b42c099-c8ba-460e-a8c4-4a6de0999db6,pt-BR,editProfile.errors.update,Falha ao atualizar perfil,2025-03-10 22:35:19.634073+00,2025-03-10 22:35:19.634073+00
1bf6adc6-1ebe-4393-9d58-0f4fc30201cb,en,tags.illustrator,illustrator,2025-03-11 18:47:58.506637+00,2025-03-11 18:47:58.506637+00
1c042e15-c3d2-4b22-9303-f687f415b403,pt-BR,subcategories.productivity,Produtividade,2025-03-10 21:08:48.918996+00,2025-03-10 22:17:57.773514+00
1c06dad9-eac0-4414-a895-2ba6d6923a1e,en,profile.signOut.inProgress,Signing Out...,2025-03-11 13:56:46.837146+00,2025-03-11 13:56:46.837146+00
1c9e61ef-82a2-44db-9076-9cfe118628e5,pt-BR,subcategories.3d,3D,2025-03-10 21:08:48.918996+00,2025-03-10 22:17:57.773514+00
1ca6f032-f29a-4c3e-98e0-ea14bea79796,en,submit.errors.submitFailed,Failed to submit resource,2025-03-11 13:56:46.837146+00,2025-03-11 13:56:46.837146+00
1cb18df4-7d17-4e1e-ac9d-71d359e6ae35,en,home.filters.selectSoftware,Select software: {{name}},2025-03-11 18:47:58.506637+00,2025-03-11 18:47:58.506637+00
1cb378a9-f305-4ad5-948b-859a74b95168,pt-BR,favorites.errors.loadFavorites,Falha ao carregar favoritos,2025-03-11 13:56:46.837146+00,2025-03-11 13:56:46.837146+00
1ce4a1da-73b2-4d41-bdae-ae858d97bec8,en,software.figma,Figma,2025-03-10 21:08:48.918996+00,2025-03-10 22:17:57.773514+00
1d57514a-962c-4f24-b672-b3b729f8c7a8,en,favorites.errors.loadFavorites,Failed to load favorites,2025-03-11 13:56:46.837146+00,2025-03-11 13:56:46.837146+00
1e5a22cf-6ce1-4ecf-bdca-f3310efbdba2,pt-BR,tags.icons,ícones,2025-03-11 18:20:36.101134+00,2025-03-11 18:20:36.101134+00
1eed83ca-a502-4041-b3a0-8a7ceb8e0fbb,pt-BR,subcategories.books,Livros,2025-03-10 21:08:48.918996+00,2025-03-10 22:17:57.773514+00
1f0a8bb9-3c2d-4725-a600-d6b62d28fea2,en,resource.saves,Saves,2025-03-10 21:25:23.910641+00,2025-03-10 22:17:57.773514+00
1f9e3e25-82bc-48a5-a315-53d7f71f02d0,pt,categories.learn,Aprender,2025-03-11 17:39:32.213919+00,2025-03-11 17:39:32.213919+00
1fd469a6-4b06-4b50-908f-4dec4480258e,pt-BR,ui.back,Voltar,2025-03-11 15:35:51.393939+00,2025-03-11 15:35:51.393939+00
206201bd-134a-4b86-952b-cf4debfff426,pt-BR,home.hero.titleHighlight,Recursos Criativos,2025-03-10 21:08:48.918996+00,2025-03-10 22:17:57.773514+00
20cd5edf-ba1e-46d0-951b-061c125d850a,pt-BR,tags.blender,blender,2025-03-11 18:47:58.506637+00,2025-03-11 18:47:58.506637+00
20fd4c09-050c-42a0-bcf6-d975ff83aea9,pt-BR,errors.pageNotFoundDesc,A página que você está procurando não existe ou foi movida.,2025-03-10 21:08:48.918996+00,2025-03-10 22:17:57.773514+00
20ff161b-d5af-4627-a9e3-4b04f26efa82,en,tags.typography,typography,2025-03-11 18:20:36.101134+00,2025-03-11 18:20:36.101134+00
212a5ade-b56f-4567-9da7-1c36ae786531,en,common.editProfile,Edit Profile,2025-03-10 20:53:46.593206+00,2025-03-10 20:53:46.593206+00
215b90f9-1d44-4c72-8cf4-962689397fb7,en,ui.apply,Apply,2025-03-10 22:17:57.773514+00,2025-03-10 22:17:57.773514+00
2187f92a-920d-43a2-9e8a-087d63b0ff5b,en,tags.all,All,2025-03-10 21:25:23.910641+00,2025-03-10 22:17:57.773514+00
21a3a809-0eef-4e1d-839a-5affa20b2ce9,pt-BR,common.signIn,Entrar,2025-03-11 13:56:46.837146+00,2025-03-11 13:56:46.837146+00
21fca84a-1bf2-44c4-842e-466c98fd9c7d,en,comments.failedToDelete,Failed to delete comment,2025-03-11 18:47:58.506637+00,2025-03-11 18:47:58.506637+00
22248c67-519d-4b75-a194-6dc09c110a84,en,comments.commentAdded,Comment added,2025-03-11 18:47:58.506637+00,2025-03-11 18:47:58.506637+00
222e4252-4fdc-4e0b-a147-bf513957c83b,en,profile.accountInfo.memberSince,Member since,2025-03-11 13:56:46.837146+00,2025-03-11 13:56:46.837146+00
22ffee1e-5fb8-4991-ab20-97d880f9f38d,pt-BR,submit.form.category,Categoria,2025-03-11 13:56:46.837146+00,2025-03-11 13:56:46.837146+00
233f6dfe-7e04-49e7-a1c3-49cf34d95499,en,home.filters.selectSubcategory,Select subcategory: {{name}},2025-03-11 18:47:58.506637+00,2025-03-11 18:47:58.506637+00
23647dde-d0d3-4d96-a2f0-d0d7eb530043,en,tags.ai,ai,2025-03-11 18:20:36.101134+00,2025-03-11 18:20:36.101134+00
236fe794-e262-447f-8675-7f646f029319,en,tags.mockups,mockups,2025-03-11 18:20:36.101134+00,2025-03-11 18:20:36.101134+00
23a75f4d-10d3-4776-b629-8069cd9aaf00,pt-BR,ui.more,Mais,2025-03-10 22:17:57.773514+00,2025-03-10 22:17:57.773514+00
23a7b7dd-003d-42d8-a20e-79c07080f231,en,favorites.empty,You haven't added any favorites yet.,2025-03-11 13:56:46.837146+00,2025-03-11 13:56:46.837146+00
2415f032-43d4-4bfe-92f9-2d6f675a3649,en,home.tags.selected,Selected tags,2025-03-10 22:17:57.773514+00,2025-03-10 22:17:57.773514+00
24f7d0b3-f19d-4fd5-b0fd-885f4ea87287,en,home.filters.category,Category,2025-03-10 22:17:57.773514+00,2025-03-10 22:17:57.773514+00
254ad586-2ce0-4fac-8568-d1fee7b881e7,en,common.save,Save,2025-03-11 13:56:46.837146+00,2025-03-11 13:56:46.837146+00
25d8e17c-2e39-44dd-b0d2-e51775608b57,en,submit.title,Submit a Resource,2025-03-11 13:56:46.837146+00,2025-03-11 13:56:46.837146+00
25dd1d23-14c2-4fc0-a695-d6e2750f5642,en,subcategories.ui,UI,2025-03-10 21:08:48.918996+00,2025-03-10 22:17:57.773514+00
2649f3ef-c8d1-412e-bd4b-b3f25ac48ef3,pt-BR,resource.cardAriaLabel,Ver detalhes de {title},2025-03-10 21:25:23.910641+00,2025-03-10 22:17:57.773514+00
26a66b14-481b-4e5a-8a0d-3fdf3b873b15,pt-BR,home.stats.users,Usuários,2025-03-10 22:17:57.773514+00,2025-03-10 22:17:57.773514+00
26dd76a0-8513-4705-a1ed-d4e98bcc8842,en,home.filters.filterByTags,Filter by tags,2025-03-11 18:20:36.101134+00,2025-03-11 18:20:36.101134+00
26e6cc8a-8162-4103-af63-0a1136333ac0,pt-BR,comments.posting,Enviando...,2025-03-11 18:47:58.506637+00,2025-03-11 18:47:58.506637+00
2791228e-83ee-4251-b97b-a9382ec2ed35,en,tags.new,New,2025-03-10 21:25:23.910641+00,2025-03-10 22:17:57.773514+00
27c74a34-c25e-4c97-83b7-7f19f4ab14e6,en,resource.error,Error loading resource,2025-03-11 15:35:51.393939+00,2025-03-11 15:35:51.393939+00
2826167f-4081-47a0-be8b-264ac66478f8,pt-BR,common.back,Voltar,2025-03-10 21:08:48.918996+00,2025-03-10 22:17:57.773514+00
28eccd47-405b-484d-89d7-8817f21118de,en,status.server.version,Version,2025-03-11 13:56:46.837146+00,2025-03-11 13:56:46.837146+00
28f7bd22-9f82-4020-b888-e43685f68787,pt-BR,resource.tags,Tags,2025-03-10 21:25:23.910641+00,2025-03-10 22:17:57.773514+00
292b7fda-5bb2-4ab0-848b-1569016fbf84,en,common.signUp,Sign Up,2025-03-11 13:56:46.837146+00,2025-03-11 13:56:46.837146+00
2981d7e8-288e-4db1-b4e0-bc593139fed6,pt-BR,category.noResultsFiltered,Nenhum recurso encontrado com seus filtros.,2025-03-11 13:56:46.837146+00,2025-03-11 13:56:46.837146+00
2a012d53-0140-4e48-b411-ce9a69dfb66f,en,editProfile.form.usernameHelp,This will be your public display name,2025-03-10 22:35:19.634073+00,2025-03-10 22:35:19.634073+00
2a10db0b-a71c-4f1e-ab58-604170a732c8,pt-BR,editProfile.validation.tooShort,Nome de usuário deve ter pelo menos 3 caracteres,2025-03-10 22:35:19.634073+00,2025-03-10 22:35:19.634073+00
2ac3926e-91ec-40df-a9bc-eb90e7e5e5ae,pt,categories.inspiration,Inspiração,2025-03-11 17:39:32.213919+00,2025-03-11 17:39:32.213919+00
2b0c589a-7ad8-4d70-849a-c672a6e9ebb3,pt-BR,tags.all,Todos,2025-03-10 21:25:23.910641+00,2025-03-10 22:17:57.773514+00
2b1c8b59-cb46-4960-b285-56d76a42ce9a,en,errors.unauthorized,You are not authorized to view this page,2025-03-11 13:56:46.837146+00,2025-03-11 13:56:46.837146+00
2c30724f-1109-40ac-85c5-5dc2deba6b8c,en,resource.save,Save,2025-03-10 21:25:23.910641+00,2025-03-10 22:17:57.773514+00
2c35948d-08fc-4174-9b0b-ccc32cc3163f,pt-BR,status.tables.name,Nome da Tabela,2025-03-11 13:56:46.837146+00,2025-03-11 13:56:46.837146+00
2c61ac55-70a0-4367-a654-304f9159b27c,en,home.filters.apply,Apply filters,2025-03-10 22:17:57.773514+00,2025-03-10 22:17:57.773514+00
2ca9e266-738c-4732-bef3-2be53fc69bad,en,categories.inspiration,Inspiration,2025-03-10 21:08:48.918996+00,2025-03-10 22:17:57.773514+00
2cc04a01-216b-4615-9206-79e8acd8bb9f,pt-BR,editProfile.form.usernameHelp,Este será seu nome público,2025-03-10 22:35:19.634073+00,2025-03-10 22:35:19.634073+00
2cf73551-b12a-4dd3-8e73-5e744039e4cc,en,status.server.uptime,Uptime,2025-03-11 13:56:46.837146+00,2025-03-11 13:56:46.837146+00
2d2261fb-d975-48aa-9625-ed5ae1654507,pt-BR,comments.commentDeleted,Comentário excluído,2025-03-11 18:47:58.506637+00,2025-03-11 18:47:58.506637+00
2d68baac-a51c-4b25-a065-96d0074d4e6f,en,submit.form.imageUrlHelp,Optional. Leave blank to use a default image.,2025-03-11 13:56:46.837146+00,2025-03-11 13:56:46.837146+00
2d8e807e-39f0-40b8-8582-45a3b8acd7f1,en,resource.pageTitle,{title} - {appName},2025-03-11 15:35:51.393939+00,2025-03-11 15:35:51.393939+00
2e7048ca-1970-4528-9d97-976fba7c4f8d,pt-BR,tags.free,grátis,2025-03-10 21:25:23.910641+00,2025-03-10 22:17:57.773514+00
2edd126c-1f05-4ff8-840b-d23b81a5f4d6,pt-BR,status.errors.tableInfo,Conectado mas não foi possível buscar informações das tabelas,2025-03-11 13:56:46.837146+00,2025-03-11 13:56:46.837146+00
2f1ff1f7-94ea-4f66-9a3c-8d873e4fa775,pt-BR,subcategories.ui,UI,2025-03-10 21:08:48.918996+00,2025-03-10 22:17:57.773514+00
2f34939c-a52f-4986-ae35-7e715843a09b,pt-BR,common.anonymous,Anônimo,2025-03-10 21:25:23.910641+00,2025-03-10 22:17:57.773514+00
2f35e5aa-c3c6-4ac5-a421-139edf5337e6,en,resource.subcategory,Subcategory,2025-03-10 21:25:23.910641+00,2025-03-10 22:17:57.773514+00
2f73b2b2-cff1-4b00-8e27-776abe287a30,pt,categories.software,Software,2025-03-11 17:39:32.213919+00,2025-03-11 17:39:32.213919+00
2fccf5b1-52e4-4cc1-b6e3-69446765973a,pt-BR,categories.allResources,Todos os Recursos,2025-03-11 13:56:46.837146+00,2025-03-11 13:56:46.837146+00
30081282-7c2c-469e-be92-20889a5b0f6b,pt-BR,status.supabase.responseTime,Tempo de Resposta,2025-03-11 13:56:46.837146+00,2025-03-11 13:56:46.837146+00
3047918d-28a1-408a-b86e-9f135dcba431,en,categories.community,Community,2025-03-10 21:08:48.918996+00,2025-03-10 22:17:57.773514+00
30ea021b-102a-445f-a85d-4d371c8ebd3d,pt-BR,home.filters.category,Categoria,2025-03-10 22:17:57.773514+00,2025-03-10 22:17:57.773514+00
30fe2a42-1341-45ff-bc2f-320211428afb,en,common.view,View,2025-03-11 13:56:46.837146+00,2025-03-11 13:56:46.837146+00
315ed9c9-d4c9-42c2-93cb-34110ff50637,en,home.filters.remove,Remove filter,2025-03-10 22:17:57.773514+00,2025-03-10 22:17:57.773514+00
31c9b81b-b413-457b-a68d-553971ff7262,pt-BR,ui.close,Fechar,2025-03-10 22:17:57.773514+00,2025-03-10 22:17:57.773514+00
320da98f-e44d-442d-8017-b58872941e4a,en,software.photoshop,Photoshop,2025-03-10 21:08:48.918996+00,2025-03-10 22:17:57.773514+00
3219a4cf-261d-406d-9876-4d3097929a58,pt-BR,categories.inspiration,Inspiração,2025-03-10 21:08:48.918996+00,2025-03-10 22:17:57.773514+00
325f33d3-c956-4712-8b9e-9065cb986ce9,en,home.tags.clear,Clear tags,2025-03-10 22:17:57.773514+00,2025-03-10 22:17:57.773514+00
3292a269-3860-4dd2-985f-30d628e81bcc,pt-BR,resource.date,Data,2025-03-10 21:25:23.910641+00,2025-03-10 22:17:57.773514+00
3365528d-d592-4fba-8b17-ccf4c3300688,pt-BR,status.errors.connectionFailed,Falha na conexão,2025-03-11 13:56:46.837146+00,2025-03-11 13:56:46.837146+00
33a65fc6-dedc-4803-9b19-31bbf1d00f1b,en,status.supabase.title,Supabase Status,2025-03-11 13:56:46.837146+00,2025-03-11 13:56:46.837146+00
34679b2a-4fc9-4a86-b50e-c323bf948433,en,resource.tags,Tags,2025-03-10 21:25:23.910641+00,2025-03-10 22:17:57.773514+00
34b76fd0-cba3-4b2c-8571-57c9789faeb2,pt-BR,tags.react,react,2025-03-11 18:47:58.506637+00,2025-03-11 18:47:58.506637+00
34fc9280-f169-4913-8f89-727692b76ec9,pt-BR,category.filters.clear,Limpar todos os filtros,2025-03-11 13:56:46.837146+00,2025-03-11 13:56:46.837146+00
353a599a-a1de-4982-a5ef-77be289b67b9,pt-BR,profile.defaultUsername,Usuário,2025-03-11 13:56:46.837146+00,2025-03-11 13:56:46.837146+00
353e5af2-2e7a-4714-89cc-21141260f11c,pt-BR,common.view,Visualizar,2025-03-11 13:56:46.837146+00,2025-03-11 13:56:46.837146+00
35adbae9-066d-4835-ba06-f3a85499d83d,pt-BR,status.errors.supabaseQuery,Erro na consulta do Supabase: {error},2025-03-11 13:56:46.837146+00,2025-03-11 13:56:46.837146+00
35b2b399-12b0-44d8-85cf-1e2fe195199c,en,software.after-effects,After Effects,2025-03-10 21:08:48.918996+00,2025-03-10 22:17:57.773514+00
360d453d-efed-4b54-887e-c8a025939622,en,comments.commentDeleted,Comment deleted,2025-03-11 18:47:58.506637+00,2025-03-11 18:47:58.506637+00
3634dd3e-c433-48ce-8b7d-c34755c789fa,en,tags.other,Other,2025-03-10 21:25:23.910641+00,2025-03-10 22:17:57.773514+00
36ac6e9f-c6f3-4be8-8565-9fdafa78cab8,pt-BR,resource.share,Compartilhar,2025-03-10 21:25:23.910641+00,2025-03-10 22:17:57.773514+00
36ae1dbd-b287-4b1e-b09c-2f126c896d21,pt-BR,resource.removedFromFavorites,Removido dos favoritos,2025-03-10 21:25:23.910641+00,2025-03-10 22:17:57.773514+00
36f152e2-eecc-4df9-a058-e4fd81f38b7e,pt-BR,home.tags.selected,Tags selecionadas,2025-03-10 22:17:57.773514+00,2025-03-10 22:17:57.773514+00
3750ffcb-f6b9-4844-8a30-a2aa1b6d9ef7,pt-BR,resource.visit,Visitar,2025-03-10 21:25:23.910641+00,2025-03-10 22:17:57.773514+00
376cd797-f4e3-48cf-ae18-a1b59bb2c1d4,en,common.viewAll,View all,2025-03-10 21:08:48.918996+00,2025-03-10 22:17:57.773514+00
37c10253-682a-4dca-9b2e-715c9ce2c93e,pt-BR,resource.commentsTitle,Comentários ({count}),2025-03-11 15:35:51.393939+00,2025-03-11 15:35:51.393939+00
3836753b-9642-42da-a5e8-23e006083eca,pt-BR,resource.subcategory,Subcategoria,2025-03-10 21:25:23.910641+00,2025-03-10 22:17:57.773514+00
39adf768-988a-441c-b89b-77ed0ff163e5,en,home.filters.noResults,No resources found with selected filters,2025-03-10 22:17:57.773514+00,2025-03-10 22:17:57.773514+00
3b7df041-3279-4bf4-a068-668385ce9442,en,errors.resourceNotFound,Resource not found,2025-03-10 21:25:23.910641+00,2025-03-10 22:17:57.773514+00
3c602030-0692-4fad-ba5e-7a06372971e1,pt-BR,home.sections.software,Softwares,2025-03-10 21:08:48.918996+00,2025-03-10 22:17:57.773514+00
3c6b5424-7252-4047-8780-58b42b5092da,en,ui.loading,Loading...,2025-03-10 22:17:57.773514+00,2025-03-10 22:17:57.773514+00
3e57bf20-88d8-4f55-88d7-7fca81653732,pt-BR,subcategories.ai,IA,2025-03-10 21:08:48.918996+00,2025-03-10 22:17:57.773514+00
3e6f7d7c-8331-4de2-bff4-8f2f6fbf9ad0,pt-BR,software.figma,Figma,2025-03-10 21:08:48.918996+00,2025-03-10 22:17:57.773514+00
3f4d6ea7-7237-4731-a820-0c9c949fcf56,pt-BR,ui.none,Nenhum,2025-03-11 15:35:51.393939+00,2025-03-11 15:35:51.393939+00
3f5625fe-3d24-4f8e-bfe3-e0aba729da95,en,auth.signInRequired,Please sign in to continue,2025-03-10 21:25:23.910641+00,2025-03-10 22:17:57.773514+00
4038023c-5459-485e-a08d-6623b9f1df4b,pt-BR,subcategories.portfolio,Portfólio,2025-03-10 21:08:48.918996+00,2025-03-10 22:17:57.773514+00
403bbe5d-e79b-4630-a52d-df083a22d400,pt-BR,categories.community,Comunidade,2025-03-10 21:08:48.918996+00,2025-03-10 22:17:57.773514+00
403c32d5-5317-48bf-9ed0-1a1f7c3ddad3,pt-BR,category.clearFilters,Limpar todos os filtros,2025-03-11 13:56:46.837146+00,2025-03-11 13:56:46.837146+00
405dc4f5-fbd7-4db1-99eb-912c13e6f10e,en,ui.open,Open,2025-03-10 22:17:57.773514+00,2025-03-10 22:17:57.773514+00
40c62343-24f3-4d0f-b9ce-5335d4562179,en,profile.favorites.title,Your Favorites,2025-03-11 13:56:46.837146+00,2025-03-11 13:56:46.837146+00
41c1c3cb-cce5-4b8d-90d4-7b273f90012d,pt-BR,common.retry,Tentar novamente,2025-03-11 13:56:46.837146+00,2025-03-11 13:56:46.837146+00
4291fb54-3622-4058-8b05-3bde0e6867e0,en,errors.somethingWentWrong,Something went wrong,2025-03-11 13:56:46.837146+00,2025-03-11 13:56:46.837146+00
42a0b3ae-c8f4-4f68-977d-de1c984564fa,pt-BR,home.filters.title,Filtrar Recursos,2025-03-10 22:17:57.773514+00,2025-03-10 22:17:57.773514+00
42efa9fa-7c79-4962-8b69-44cc06b673a8,en,ui.search,Search,2025-03-10 22:17:57.773514+00,2025-03-10 22:17:57.773514+00
43acb1e6-403e-429b-8c0e-9038f3c15261,pt-BR,home.sections.viewAll,Ver Todos,2025-03-10 22:17:57.773514+00,2025-03-10 22:17:57.773514+00
43c0a26a-5581-452f-b94d-df81be0f8685,en,resource.removeFavorite,Remove from favorites,2025-03-10 21:25:23.910641+00,2025-03-10 22:17:57.773514+00
443231ba-07fd-4582-99de-c3655b303708,pt-BR,comments.failedToDelete,Falha ao excluir comentário,2025-03-11 18:47:58.506637+00,2025-03-11 18:47:58.506637+00
4546a173-1cf2-421c-a513-d9efe507fb5e,pt-BR,resource.author,Autor,2025-03-10 21:25:23.910641+00,2025-03-10 22:17:57.773514+00
45509556-02a1-45af-853f-7cd3de2f794c,en,status.supabase.status.offline,OFFLINE,2025-03-11 13:56:46.837146+00,2025-03-11 13:56:46.837146+00
4586c5ab-b61c-4298-aa85-d708cb981f86,en,comments.addComment,Add a comment...,2025-03-11 18:47:58.506637+00,2025-03-11 18:47:58.506637+00
4612c7ab-f5e3-4d96-883a-084b65480310,pt-BR,home.categories.learn,Aprendizado,2025-03-10 22:17:57.773514+00,2025-03-10 22:17:57.773514+00
46a7304e-9cf9-46d5-835f-6bf233a64226,en,category.search.placeholder,Search in {category}...,2025-03-11 13:56:46.837146+00,2025-03-11 13:56:46.837146+00
46ed728a-4146-4d62-9b66-1636ed0c51a9,en,common.submit,Submit,2025-03-10 20:53:46.593206+00,2025-03-10 22:17:57.773514+00
47083083-179f-42c3-85d6-11f380360822,pt-BR,editProfile.sections.social,Redes Sociais,2025-03-10 22:35:19.634073+00,2025-03-10 22:35:19.634073+00
47c05889-fdd6-4876-a67a-cebc4038a312,pt-BR,ui.share,Compartilhar,2025-03-11 15:35:51.393939+00,2025-03-11 15:35:51.393939+00
47eb6d7c-dda8-4e67-a98b-babddd3a5501,pt-BR,resource.pageTitle,{title} - {appName},2025-03-11 15:35:51.393939+00,2025-03-11 15:35:51.393939+00
4803f3be-646b-43b1-8f1a-3f35ddb6ddbf,en,home.hero.subtitle,"Find the best tools, assets, and inspiration for designers, developers, and creators.",2025-03-10 21:08:48.918996+00,2025-03-10 22:17:57.773514+00
480b4266-fba8-4c7f-bb5c-8ba157345e24,pt-BR,tags.recommended,Recomendado,2025-03-10 21:25:23.910641+00,2025-03-10 22:17:57.773514+00
481a4407-6281-49db-9c57-2ca157ec4a8a,en,ui.back,Back,2025-03-11 15:35:51.393939+00,2025-03-11 15:35:51.393939+00
4828953d-eb2d-422d-8cb7-e8f7c92f9da0,en,editProfile.success,Profile updated successfully,2025-03-10 22:35:19.634073+00,2025-03-10 22:35:19.634073+00
489e713d-646b-489c-ac04-567cd82aa170,en,resource.saved,Saved,2025-03-10 21:25:23.910641+00,2025-03-10 22:17:57.773514+00
48d12b6a-5e20-4f11-b98f-55e87eb602ee,pt-BR,ui.error,Erro,2025-03-10 22:17:57.773514+00,2025-03-10 22:17:57.773514+00
492b8b6f-94cb-4af5-919a-790f7eeaca64,en,status.lastChecked,Last Checked,2025-03-11 13:56:46.837146+00,2025-03-11 13:56:46.837146+00
495edfa6-108b-467b-8ca6-b922adf85ab0,en,common.loading,Loading...,2025-03-11 13:56:46.837146+00,2025-03-11 13:56:46.837146+00
49603da2-1be8-4ae2-acd2-03ab7e3470fd,en,tags.premium,Premium,2025-03-10 21:25:23.910641+00,2025-03-10 22:17:57.773514+00
496b388f-e17e-41c8-a92c-d0deb955f10f,en,tags.icons,icons,2025-03-11 18:20:36.101134+00,2025-03-11 18:20:36.101134+00
4a09981f-ce25-452f-b346-c4f332931ef1,pt-BR,ui.remove,Remover,2025-03-10 22:17:57.773514+00,2025-03-10 22:17:57.773514+00
4a3471f8-289d-4312-95d4-c080472793f1,en,status.errors.tableInfo,Connected but could not fetch table info,2025-03-11 13:56:46.837146+00,2025-03-11 13:56:46.837146+00
4abadd74-98a8-404f-9877-6f6bb5b01751,pt-BR,home.sections.filterResources,Filtrar Recursos,2025-03-10 21:08:48.918996+00,2025-03-10 22:17:57.773514+00
4adbb713-c366-4bfd-933b-f0c7257c69a4,pt-BR,home.stats.categories,Categorias,2025-03-10 22:17:57.773514+00,2025-03-10 22:17:57.773514+00
4b71079b-82a2-4b55-a0f2-218cc7f58908,pt-BR,common.error.comments,Falha ao carregar comentários,2025-03-11 13:56:46.837146+00,2025-03-11 13:56:46.837146+00
4bb00b0f-5f16-4b54-8227-0aca009adaac,pt-BR,common.search,Pesquisar recursos...,2025-03-11 18:47:58.506637+00,2025-03-11 18:47:58.506637+00
4c32bb24-d430-4049-b699-d009a7614557,en,categories.allResources,All Resources,2025-03-11 13:56:46.837146+00,2025-03-11 13:56:46.837146+00
4cb51151-8152-4b0e-b783-f797ec9bbb62,pt-BR,home.tags.popular,Tags populares,2025-03-10 22:17:57.773514+00,2025-03-10 22:17:57.773514+00
4cc79d3e-40e8-4be7-b1c9-5fd38d88f29f,en,ui.more,More,2025-03-10 22:17:57.773514+00,2025-03-10 22:17:57.773514+00
4dfb0183-87d1-443b-a30d-9700bc915641,pt-BR,resource.comments,Comentários,2025-03-10 21:25:23.910641+00,2025-03-10 22:17:57.773514+00
4e5e9304-0516-4ccc-b5b9-30c4b0f9e434,pt,common.profile,Perfil,2025-03-10 20:53:46.593206+00,2025-03-10 20:53:46.593206+00
4eb12b2f-d684-4258-b7f8-32386faeaa5b,en,ui.save,Save,2025-03-10 22:17:57.773514+00,2025-03-10 22:17:57.773514+00
4ed50f0d-fb6b-4b3b-885e-dd60dd0db2ae,pt-BR,category.filters.tag,Tag,2025-03-11 13:56:46.837146+00,2025-03-11 13:56:46.837146+00
4efe276d-87f4-4630-818f-4606d708129d,en,status.tables.status.inaccessible,Inaccessible,2025-03-11 13:56:46.837146+00,2025-03-11 13:56:46.837146+00
502639f1-a7a5-40b1-a5b4-c51fe2e41596,pt-BR,home.sections.recentUploads,Adicionados Recentemente,2025-03-10 21:08:48.918996+00,2025-03-10 22:17:57.773514+00
50897868-3707-4953-91ca-6d01857fc4f1,en,editProfile.sections.profile,Profile,2025-03-10 22:35:19.634073+00,2025-03-10 22:35:19.634073+00
50a819ac-ee3a-4b94-af83-f07bd4933886,pt,home.hero.title,Descubra,2025-03-11 17:39:32.213919+00,2025-03-11 17:39:32.213919+00
5108676f-356e-4dc1-befb-652bcf0f6f8c,en,status.server.status.offline,OFFLINE,2025-03-11 13:56:46.837146+00,2025-03-11 13:56:46.837146+00
51e159ae-b44c-49c8-a939-743e76d15e1c,en,home.tags.noTags,No tags found,2025-03-11 18:20:36.101134+00,2025-03-11 18:20:36.101134+00
52328a32-4ca0-4b07-8ca1-9685512f0f24,pt-BR,tags.trending,Em Alta,2025-03-10 21:25:23.910641+00,2025-03-10 22:17:57.773514+00
524fa527-7455-478c-b2ad-69584efac634,pt-BR,home.tags.all,Todas as tags,2025-03-10 22:17:57.773514+00,2025-03-10 22:17:57.773514+00
532627a0-16fc-4a25-87ac-33a4635a5c1b,pt-BR,home.sections.error,Erro ao carregar recursos,2025-03-10 22:17:57.773514+00,2025-03-10 22:17:57.773514+00
53a22aeb-092b-4cb0-9423-f90248f8c365,pt-BR,software.after-effects,After Effects,2025-03-10 21:08:48.918996+00,2025-03-10 22:17:57.773514+00
53e0a7ca-11ca-4d3b-99b1-968047f38e96,en,home.categories.all,All Categories,2025-03-10 22:17:57.773514+00,2025-03-10 22:17:57.773514+00
53fb7a99-1d83-40f9-bbab-e75708fc5bbf,en,ui.empty,No items found,2025-03-10 22:17:57.773514+00,2025-03-10 22:17:57.773514+00
54560700-0c28-4d2c-baa8-a800a3925f88,pt-BR,common.editProfile,Editar Perfil,2025-03-11 18:47:58.506637+00,2025-03-11 18:47:58.506637+00
54f64087-23bc-4df5-a996-f499c76ab0a6,pt-BR,home.filters.filterByTags,Filtrar por tags,2025-03-11 18:20:36.101134+00,2025-03-11 18:20:36.101134+00
552828e2-ac9a-4e62-b1ca-2f844d227fca,en,favorites.title,Your Favorites,2025-03-11 13:56:46.837146+00,2025-03-11 13:56:46.837146+00
559e1105-4614-4bb3-bec4-931f28fcfd8e,en,home.popular.label,Popular,2025-03-10 21:08:48.918996+00,2025-03-10 22:17:57.773514+00
565234b8-aeb6-4f3a-84bb-a032f8344d09,en,tags.cursor,cursor,2025-03-11 18:47:58.506637+00,2025-03-11 18:47:58.506637+00
568ef986-3fc3-4fde-86ed-034d69632d8a,pt-BR,resource.error,Erro ao carregar recurso,2025-03-11 15:35:51.393939+00,2025-03-11 15:35:51.393939+00
56bb81a7-7808-4ce9-89ec-7cdf62c56552,en,submit.form.submitting,Submitting...,2025-03-11 13:56:46.837146+00,2025-03-11 13:56:46.837146+00
578a29be-3bb2-412b-9e5a-f2a306dac875,pt-BR,subcategories.moodboard,Moodboard,2025-03-10 21:08:48.918996+00,2025-03-10 22:17:57.773514+00
57d428ed-1467-4b51-8514-b84823933627,en,editProfile.errors.timeout,Loading took too long. Please try refreshing the page.,2025-03-10 22:35:19.634073+00,2025-03-10 22:35:19.634073+00
5823481d-26b8-44e0-b148-73ae68973205,pt-BR,profile.signOut.button,Sair,2025-03-11 13:56:46.837146+00,2025-03-11 13:56:46.837146+00
58911dc9-8501-4f12-9a5a-cd764bb244bb,en,status.tables.rows,Rows,2025-03-11 13:56:46.837146+00,2025-03-11 13:56:46.837146+00
58a5620e-5f6a-4d22-90bc-6793a0e5f254,pt-BR,status.supabase.status.degraded,DEGRADADO,2025-03-11 13:56:46.837146+00,2025-03-11 13:56:46.837146+00
5952840c-a057-4093-9e25-d47b8ea4c2bb,en,submit.signInRequired,You need to be signed in to submit a resource.,2025-03-11 13:56:46.837146+00,2025-03-11 13:56:46.837146+00
598a807e-2a99-4df2-8220-340a41a18120,pt-BR,resource.metaDescription,{title} - Ver detalhes e recursos relacionados,2025-03-11 15:35:51.393939+00,2025-03-11 15:35:51.393939+00
59d52a62-bc5c-435c-9ea7-c03e514de870,pt-BR,resource.saves,Salvos,2025-03-10 21:25:23.910641+00,2025-03-10 22:17:57.773514+00
5a0aceb8-403f-45bc-ab12-576647a8ad1c,pt-BR,profile.favorites.browse,Explorar recursos,2025-03-11 13:56:46.837146+00,2025-03-11 13:56:46.837146+00
5ad2a017-115a-4057-a19c-86ad0830f649,pt-BR,common.refresh,Atualizar,2025-03-11 13:56:46.837146+00,2025-03-11 13:56:46.837146+00
5af01072-f85e-4309-9d5e-298b17803406,pt-BR,errors.somethingWentWrong,Algo deu errado,2025-03-11 13:56:46.837146+00,2025-03-11 13:56:46.837146+00
5b506452-a926-4993-a91f-648e03362fec,en,status.errors.prefix,Error,2025-03-11 13:56:46.837146+00,2025-03-11 13:56:46.837146+00
5c0a40e1-a920-4049-9fe9-427fd05f3439,pt-BR,profile.signOut.inProgress,Saindo...,2025-03-11 13:56:46.837146+00,2025-03-11 13:56:46.837146+00
5cd3f45a-9551-421a-a026-3f1e749c591b,pt-BR,category.noResults,Nenhum recurso encontrado nesta categoria.,2025-03-11 13:56:46.837146+00,2025-03-11 13:56:46.837146+00
5cdb5c1e-2344-4a98-873f-7f362f307246,en,subcategories.photos-videos,Images,2025-03-10 21:08:48.918996+00,2025-03-10 22:17:57.773514+00
5e15399b-1c07-42a3-93d0-851840ff4abf,pt-BR,ui.copied,Copiado!,2025-03-11 15:35:51.393939+00,2025-03-11 15:35:51.393939+00
5eb307ad-5145-431c-8523-8b47e641424f,pt-BR,submit.form.selectCategory,Selecione uma categoria,2025-03-11 13:56:46.837146+00,2025-03-11 13:56:46.837146+00
5f1645a4-53f5-43f9-80bb-79d3b53bbaae,en,tags.featured,Featured,2025-03-10 21:25:23.910641+00,2025-03-10 22:17:57.773514+00
5f543d2c-ab69-4067-8cf9-391a22aaea03,pt-BR,status.server.version,Versão,2025-03-11 13:56:46.837146+00,2025-03-11 13:56:46.837146+00
5f553c30-431f-4b5c-9cb9-b8003eedcbaa,en,resource.report,Report,2025-03-10 21:25:23.910641+00,2025-03-10 22:17:57.773514+00
5f895cf2-d9c4-452d-bf31-cfa6109f2cde,pt-BR,submit.form.tagsHelp,"Separe as tags com vírgulas (ex: design, ferramentas, produtividade)",2025-03-11 13:56:46.837146+00,2025-03-11 13:56:46.837146+00
5fde5204-4e8a-406d-8753-62273f1d6649,en,profile.errors.signOut,Failed to sign out: {error},2025-03-11 13:56:46.837146+00,2025-03-11 13:56:46.837146+00
6017c611-49a2-48b3-ba49-1b9940822cb9,en,categories.assets,Assets,2025-03-10 21:08:48.918996+00,2025-03-10 22:17:57.773514+00
603aec19-4b70-44df-9158-3918de56a881,pt-BR,category.search.placeholder,Pesquisar em {category}...,2025-03-11 13:56:46.837146+00,2025-03-11 13:56:46.837146+00
60b34daa-e9c0-4fb3-9ad0-7b1a190a484f,pt-BR,status.server.memoryUsage,Uso de Memória,2025-03-11 13:56:46.837146+00,2025-03-11 13:56:46.837146+00
612214b6-168b-4886-9591-352bf30a1c08,pt-BR,profile.errors.loadFavorites,Falha ao carregar favoritos,2025-03-11 13:56:46.837146+00,2025-03-11 13:56:46.837146+00
61fe67e0-64a2-41ff-944e-ba48ad523048,pt-BR,category.filters.search,Pesquisa,2025-03-11 13:56:46.837146+00,2025-03-11 13:56:46.837146+00
621956ff-c871-435d-a84a-9f180e3564f9,en,category.filters.subcategory,Subcategory,2025-03-11 13:56:46.837146+00,2025-03-11 13:56:46.837146+00
62c99ab9-031a-424d-ab4f-18d24f9fc561,pt-BR,common.submit,Enviar,2025-03-10 21:08:48.918996+00,2025-03-10 22:17:57.773514+00
62dbec85-d74c-4d3d-b905-d38fa15162e0,pt-BR,common.error,Ocorreu um erro,2025-03-10 21:25:23.910641+00,2025-03-10 22:17:57.773514+00
6318a616-47b4-43fa-a8c8-3046e7cad298,pt-BR,software.illustrator,Illustrator,2025-03-10 21:08:48.918996+00,2025-03-10 22:17:57.773514+00
637415ca-3597-4fca-be16-4451e02a3730,pt-BR,tags.templates,templates,2025-03-11 18:20:36.101134+00,2025-03-11 18:20:36.101134+00
64bc106b-c3c1-401c-a2aa-14541d54d257,en,home.filters.software,Software,2025-03-10 22:17:57.773514+00,2025-03-10 22:17:57.773514+00
652811ba-d847-4109-90e9-ba76ab02aa61,en,category.noResults,No resources found in this category.,2025-03-11 13:56:46.837146+00,2025-03-11 13:56:46.837146+00
666e6b89-e6ee-43f2-8d5c-4703eaff1d84,en,ui.clear,Clear,2025-03-10 22:17:57.773514+00,2025-03-10 22:17:57.773514+00
6882cd60-74b2-4ab0-9e1f-5f5d09891bf1,en,editProfile.validation.tooShort,Username must be at least 3 characters long,2025-03-10 22:35:19.634073+00,2025-03-10 22:35:19.634073+00
68d8a677-887a-4940-8ce5-d4f558c16e7d,en,comments.signInToComment,Sign in to comment,2025-03-11 18:47:58.506637+00,2025-03-11 18:47:58.506637+00
6a361f6f-05ed-4ccd-b71e-9dd8a4deb814,pt-BR,category.filters.active,Filtros Ativos,2025-03-11 13:56:46.837146+00,2025-03-11 13:56:46.837146+00
6a662a7a-1b66-463d-a297-5b97884c1513,pt-BR,subcategories.mockups,Mockups,2025-03-10 21:08:48.918996+00,2025-03-10 22:17:57.773514+00
6ae890d7-1ab5-496f-9675-249e443be9a5,en,home.hero.title,Discover,2025-03-10 21:08:48.918996+00,2025-03-10 22:17:57.773514+00
6b1ad07a-4e11-446a-b21b-273189832dad,pt-BR,subcategories.reference,Referências,2025-03-10 21:08:48.918996+00,2025-03-10 22:17:57.773514+00
6b3921ed-d46c-496b-8535-4a27d8f96911,pt-BR,home.tags.noTags,Nenhuma tag encontrada,2025-03-11 18:20:36.101134+00,2025-03-11 18:20:36.101134+00
6b42c999-e48c-4236-80b8-26a6eba29937,en,comments.noComments,No comments yet. Be the first to comment!,2025-03-11 18:47:58.506637+00,2025-03-11 18:47:58.506637+00
6c1d50e0-dafd-48a3-80ef-739b4a1f6e23,en,submit.form.title,Title,2025-03-11 13:56:46.837146+00,2025-03-11 13:56:46.837146+00
6c2ea176-449f-4f71-8b2e-6a0e5bf2f1d4,pt-BR,status.server.title,Status do Servidor,2025-03-11 13:56:46.837146+00,2025-03-11 13:56:46.837146+00
6c374cad-1f00-4ce3-8a89-4b2b8ba1bb31,pt-BR,comments.failedToAdd,Falha ao adicionar comentário,2025-03-11 18:47:58.506637+00,2025-03-11 18:47:58.506637+00
6cb3da93-7402-462e-8f3c-2d9eb96b8def,pt-BR,ui.selected,Selecionado,2025-03-10 22:17:57.773514+00,2025-03-10 22:17:57.773514+00
6d65d93f-7948-4543-b4fd-a83edd2e1eae,pt-BR,categories.assets,Recursos,2025-03-10 21:08:48.918996+00,2025-03-10 22:17:57.773514+00
6e4f82cd-25c9-4591-ac75-a84ec6953438,en,errors.pageNotFound,Page not found,2025-03-10 21:08:48.918996+00,2025-03-10 22:17:57.773514+00
6e9050cd-da57-42f0-9e97-128eebc63cfa,en,home.filters.clear,Clear,2025-03-10 22:17:57.773514+00,2025-03-10 22:17:57.773514+00
6ecc9e19-a0ab-4556-bf92-7cf2fcb30031,pt-BR,resource.share.title,Compartilhar Recurso,2025-03-10 21:25:23.910641+00,2025-03-10 22:17:57.773514+00
6f49a546-cd94-42b8-a50c-3a22396f84b9,en,profile.accountInfo.notSet,Not set,2025-03-11 13:56:46.837146+00,2025-03-11 13:56:46.837146+00
6fdbeed4-a505-4a80-9a41-dd36a15d5f6b,pt-BR,ui.select,Selecionar,2025-03-10 22:17:57.773514+00,2025-03-10 22:17:57.773514+00
70e59c48-9e68-45ed-bfa1-83557cde4742,en,home.categories.tools,Tools,2025-03-10 22:17:57.773514+00,2025-03-10 22:17:57.773514+00
719c2228-7ffb-47f6-a0e5-01163cd25667,en,tags.premiere,premiere,2025-03-11 18:47:58.506637+00,2025-03-11 18:47:58.506637+00
719e5e02-5160-43e5-80f6-7f6a987bfafb,en,resource.date,Date,2025-03-10 21:25:23.910641+00,2025-03-10 22:17:57.773514+00
72475b6e-f985-4f4c-8794-f928f3f71efd,en,status.server.status.online,ONLINE,2025-03-11 13:56:46.837146+00,2025-03-11 13:56:46.837146+00
72f0f08a-a4fe-4f18-a9b6-04bab539481e,pt-BR,common.resources,Recursos,2025-03-10 21:08:48.918996+00,2025-03-10 22:17:57.773514+00
7324ac8f-2415-4d68-808f-67779835a6e1,pt-BR,submit.form.imageUrlHelp,Opcional. Deixe em branco para usar uma imagem padrão.,2025-03-11 13:56:46.837146+00,2025-03-11 13:56:46.837146+00
7327ac10-7111-4464-81be-309d73b4d403,pt-BR,tags.new,Novo,2025-03-10 21:25:23.910641+00,2025-03-10 22:17:57.773514+00
737f341a-b4a3-4f3b-9bc5-bbaa2787bc21,pt-BR,subcategories.textures,Texturas,2025-03-10 21:08:48.918996+00,2025-03-10 22:17:57.773514+00
739977ee-11e3-4542-a6cf-5c8209888ce8,en,tags.blender,blender,2025-03-11 18:47:58.506637+00,2025-03-11 18:47:58.506637+00
73e259b5-80a3-426c-9878-f6e054bfe82d,en,status.title,System Status,2025-03-11 13:56:46.837146+00,2025-03-11 13:56:46.837146+00
73fb50dd-7d41-48fb-875a-e0f0438ab9c6,en,category.filters.tag,Tag,2025-03-11 13:56:46.837146+00,2025-03-11 13:56:46.837146+00
747b9fd0-bc13-494c-8c7a-0c337047e47c,pt-BR,status.tables.title,Tabelas do Banco de Dados,2025-03-11 13:56:46.837146+00,2025-03-11 13:56:46.837146+00
749584ba-a554-4cfe-9598-5877c13f74b9,en,common.anonymous,Anonymous,2025-03-10 21:25:23.910641+00,2025-03-10 22:17:57.773514+00
74d6c118-99c4-451c-bcac-987c9c786a8c,en,home.sections.loading,Loading resources...,2025-03-10 22:17:57.773514+00,2025-03-10 22:17:57.773514+00
7508fdc8-11ac-45fa-8f52-5f38a364d081,en,resource.likes,Likes,2025-03-10 21:25:23.910641+00,2025-03-10 22:17:57.773514+00
756e2bd1-9941-4341-aef5-0b836fa25ebe,pt-BR,common.save,Salvar,2025-03-11 13:56:46.837146+00,2025-03-11 13:56:46.837146+00
759a0b6b-3313-474a-aca3-11a33b9813b8,en,resource.share.title,Share Resource,2025-03-10 21:25:23.910641+00,2025-03-10 22:17:57.773514+00
75b38c89-be4c-4407-a040-8f953863b110,pt-BR,ui.previous,Anterior,2025-03-11 15:35:51.393939+00,2025-03-11 15:35:51.393939+00
7690a081-58e3-4582-bd42-0fb5689b8319,pt-BR,ui.view,Visualizar,2025-03-11 15:35:51.393939+00,2025-03-11 15:35:51.393939+00
7769bc2b-6010-4223-a335-7372e259376d,pt-BR,profile.accountInfo.memberSince,Membro desde,2025-03-11 13:56:46.837146+00,2025-03-11 13:56:46.837146+00
77d8c675-abd9-4e20-b3f6-f0be48c51af5,en,ui.delete,Delete,2025-03-10 22:17:57.773514+00,2025-03-10 22:17:57.773514+00
78074bdb-0876-40a7-82f1-4852f47ec31b,en,subcategories.sfx,SFX,2025-03-10 21:08:48.918996+00,2025-03-10 22:17:57.773514+00
783509fd-b25f-4e34-8a3f-3e4bc249f53f,en,home.filters.selectedFilters,Selected filters,2025-03-11 18:20:36.101134+00,2025-03-11 18:20:36.101134+00
78f04c8a-dc8b-4dd3-9369-12b907f4e762,en,status.tables.status.accessible,Accessible,2025-03-11 13:56:46.837146+00,2025-03-11 13:56:46.837146+00
78f7c8d7-a54f-48c7-9d22-e02dbffb1eda,pt-BR,home.categories.reference,Referências,2025-03-10 22:17:57.773514+00,2025-03-10 22:17:57.773514+00
7939a13d-636a-442c-b681-91c4418b0e11,en,common.retry,Retry,2025-03-11 13:56:46.837146+00,2025-03-11 13:56:46.837146+00
7a3be1be-7fcd-477c-9482-44a4f06081a8,en,subcategories.typography,Typography,2025-03-10 21:08:48.918996+00,2025-03-10 22:17:57.773514+00
7a929d6c-d823-493e-b29b-ab253fa67092,pt-BR,home.hero.subtitle,"Encontre as melhores ferramentas, recursos e inspiração para designers, desenvolvedores e criadores.",2025-03-10 21:08:48.918996+00,2025-03-10 22:17:57.773514+00
7aa0052a-21ac-4bac-ac90-8cc1296db45e,pt-BR,common.signUp,Cadastrar,2025-03-11 13:56:46.837146+00,2025-03-11 13:56:46.837146+00
7aa6f69d-9c13-4c50-a34a-02fec63a6d98,en,profile.errors.loadFavorites,Failed to load favorites,2025-03-11 13:56:46.837146+00,2025-03-11 13:56:46.837146+00
7b015adf-5adc-420b-84fd-aa22e09132b4,pt-BR,submit.form.title,Título,2025-03-11 13:56:46.837146+00,2025-03-11 13:56:46.837146+00
7b103cd3-feba-4c16-8eb8-57bc6e1854a9,pt-BR,editProfile.sections.profile,Perfil,2025-03-10 22:35:19.634073+00,2025-03-10 22:35:19.634073+00
7b834cd0-74e4-4184-9678-458f76d133d8,en,tags.free,free,2025-03-10 21:25:23.910641+00,2025-03-10 22:17:57.773514+00
7ba66d3b-375d-4cd7-b46f-fcd6b7ec4358,en,ui.all,All,2025-03-11 15:35:51.393939+00,2025-03-11 15:35:51.393939+00
7bcf2a82-4390-4573-9f32-08a5575e5f75,pt-BR,category.filters.popularTags,Tags Populares,2025-03-11 13:56:46.837146+00,2025-03-11 13:56:46.837146+00
7c23e27f-5cb3-4ba2-96d1-44ad79461e0a,pt-BR,tags.featured,Destaque,2025-03-10 21:25:23.910641+00,2025-03-10 22:17:57.773514+00
7c61bf68-818c-47c6-95cb-d8d3405dcde1,en,resource.details,Details,2025-03-10 21:25:23.910641+00,2025-03-10 22:17:57.773514+00
7c8b31b5-21e4-43b9-8f8c-1b0f95b5a834,en,subcategories.mockups,Mockups,2025-03-10 21:08:48.918996+00,2025-03-10 22:17:57.773514+00
7caecd2b-f87b-4ae1-96af-2a8ab8d3c902,en,tags.recommended,Recommended,2025-03-10 21:25:23.910641+00,2025-03-10 22:17:57.773514+00
7cb15393-bb16-4d16-815b-338abf59c022,en,submit.form.imageUrl,Image URL,2025-03-11 13:56:46.837146+00,2025-03-11 13:56:46.837146+00
7d819c77-fa03-438f-bda3-a2fbd8d004f6,pt-BR,categories.tools,Ferramentas,2025-03-10 21:08:48.918996+00,2025-03-10 22:17:57.773514+00
7dfea1d6-c98e-444d-bff5-7864aaccf16f,en,common.favorites,Favorites,2025-03-10 20:53:46.593206+00,2025-03-10 22:17:57.773514+00
7e2d43b5-f7fc-4dd0-8158-5a96db4eb428,pt-BR,home.tags.more,Mais tags,2025-03-10 22:17:57.773514+00,2025-03-10 22:17:57.773514+00
7ea27321-4855-413c-abff-510a54bc83c7,en,status.server.title,Server Status,2025-03-11 13:56:46.837146+00,2025-03-11 13:56:46.837146+00
7ec1cb9e-e9b7-45c8-9e81-c8085aeca8cd,en,tags.3d,3d,2025-03-11 18:20:36.101134+00,2025-03-11 18:20:36.101134+00
7ec5b9de-839b-4da1-a11f-494f07e28367,pt-BR,tags.cursor,cursor,2025-03-11 18:47:58.506637+00,2025-03-11 18:47:58.506637+00
7efe8967-c17e-4189-b86c-8028bc77869b,en,resource.share.copied,Link copied to clipboard,2025-03-10 21:25:23.910641+00,2025-03-10 22:17:57.773514+00
7f525f15-ecca-41b3-8a06-02750bb575eb,en,profile.accountInfo.email,Email,2025-03-11 13:56:46.837146+00,2025-03-11 13:56:46.837146+00
7f7e5cbf-b42f-4f4c-a3b4-d6bd6b742cfb,en,editProfile.sections.social,Social Media,2025-03-10 22:35:19.634073+00,2025-03-10 22:35:19.634073+00
7f94f5f4-f65c-461e-962b-e9d99586c9bb,pt-BR,home.filters.remove,Remover filtro,2025-03-10 22:17:57.773514+00,2025-03-10 22:17:57.773514+00
7fb4e46e-0e91-48ac-ac6c-bb5fa82fa076,pt-BR,resource.related,Recursos Relacionados,2025-03-10 21:25:23.910641+00,2025-03-10 22:17:57.773514+00
80228656-8e51-4c78-b098-4ec7be93484a,en,subcategories.icons,Icons,2025-03-10 21:08:48.918996+00,2025-03-10 22:17:57.773514+00
809c74ae-52b9-49bc-9768-862bd090420a,en,submit.success,Resource submitted successfully!,2025-03-11 13:56:46.837146+00,2025-03-11 13:56:46.837146+00
809ef105-4fc6-40dc-bcc4-4031b739bd02,pt-BR,home.categories.community,Comunidade,2025-03-10 22:17:57.773514+00,2025-03-10 22:17:57.773514+00
80d16790-b9f9-4721-b320-c8b8028d9a0d,en,submit.form.url,URL,2025-03-11 13:56:46.837146+00,2025-03-11 13:56:46.837146+00
8286766d-65d4-4335-aa32-3e546b60018a,pt-BR,favorites.removed,Removido dos favoritos,2025-03-11 13:56:46.837146+00,2025-03-11 13:56:46.837146+00
8358b391-7809-411c-a0dd-ee77d7970200,pt-BR,home.sections.mostLiked,Mais Curtidos,2025-03-10 21:08:48.918996+00,2025-03-10 22:17:57.773514+00
838284c7-717c-497a-b0b9-e02170f6cbb6,en,favorites.browseResources,Browse Resources,2025-03-11 13:56:46.837146+00,2025-03-11 13:56:46.837146+00
841d306d-a9ec-4945-96e0-1603dc1e865f,pt-BR,resource.visitWebsite,Visitar Site,2025-03-11 15:35:51.393939+00,2025-03-11 15:35:51.393939+00
8531b302-98f1-47cf-a403-259551171c7d,pt-BR,editProfile.validation.required,Nome de usuário é obrigatório,2025-03-10 22:35:19.634073+00,2025-03-10 22:35:19.634073+00
85346c96-048d-4c10-948d-7ce6592ba868,pt-BR,home.hero.titleEnd,para seus Projetos,2025-03-10 21:08:48.918996+00,2025-03-10 22:17:57.773514+00
85b1628f-34b3-4b87-aaaa-095ddbce205e,en,profile.accountInfo.username,Username,2025-03-11 13:56:46.837146+00,2025-03-11 13:56:46.837146+00
86bdc985-de6a-4f0c-b362-921d1bfd22f9,en,home.sections.empty,No resources found,2025-03-10 22:17:57.773514+00,2025-03-10 22:17:57.773514+00
87243212-f11b-4e1f-93af-267da4ccdd23,pt-BR,editProfile.validation.invalidChars,"Nome de usuário pode conter apenas letras, números, underlines e hífens",2025-03-10 22:35:19.634073+00,2025-03-10 22:35:19.634073+00
877a12ca-b840-4691-be3b-aa6fb4ad9aa1,en,profile.avatar.alt,User Avatar,2025-03-11 13:56:46.837146+00,2025-03-11 13:56:46.837146+00
87bf3d41-623a-4b52-a2f6-e77f6f9f25e1,pt-BR,home.sections.recent,Adicionados Recentemente,2025-03-10 22:17:57.773514+00,2025-03-10 22:17:57.773514+00
885c59e0-9203-4389-8dbc-d9b32ec4d126,en,ui.confirm,Confirm,2025-03-10 22:17:57.773514+00,2025-03-10 22:17:57.773514+00
890e0642-30a8-4c46-8a98-251f85fc996a,pt-BR,profile.avatar.alt,Avatar do Usuário,2025-03-11 13:56:46.837146+00,2025-03-11 13:56:46.837146+00
89405a4a-0c7b-4abe-a06d-9dec37e03bb6,en,submit.form.description,Description,2025-03-11 13:56:46.837146+00,2025-03-11 13:56:46.837146+00
89c12471-ad73-4324-b286-d905f6f1264d,en,home.filters.clearAll,Clear all,2025-03-10 21:08:48.918996+00,2025-03-10 22:17:57.773514+00
8a3546a8-53fe-46f6-bcc7-292dd6472870,en,tags.sketch,sketch,2025-03-11 18:47:58.506637+00,2025-03-11 18:47:58.506637+00
8a5f2aa1-6361-4f11-8f7e-a75da45c660e,pt-BR,home.filters.subcategory,Subcategoria,2025-03-10 22:17:57.773514+00,2025-03-10 22:17:57.773514+00
8a5fa621-1992-4acc-ab39-1c5e6155dd3f,pt-BR,auth.signInRequired,Faça login para continuar,2025-03-10 21:25:23.910641+00,2025-03-10 22:17:57.773514+00
8aa22746-bfdd-4ff6-b678-86d5b4810f7a,en,editProfile.form.saving,Saving...,2025-03-10 22:35:19.634073+00,2025-03-10 22:35:19.634073+00
8ab4860f-babb-48a6-a7ad-4f343ec0019a,en,ui.optional,Optional,2025-03-11 15:35:51.393939+00,2025-03-11 15:35:51.393939+00
8acd6387-9ddf-4bb5-a787-62452e692dd7,pt-BR,ui.loading,Carregando...,2025-03-10 22:17:57.773514+00,2025-03-10 22:17:57.773514+00
8b20c86d-8a5a-46c8-93e9-addc4a038f91,en,ui.next,Next,2025-03-11 15:35:51.393939+00,2025-03-11 15:35:51.393939+00
8b55c7e0-fa8a-4dc1-a907-0a6ccc7e9551,pt-BR,editProfile.success,Perfil atualizado com sucesso,2025-03-10 22:35:19.634073+00,2025-03-10 22:35:19.634073+00
8b71128a-5133-4e9a-ad5c-a9260397e057,pt,categories.reference,Referência,2025-03-11 17:39:32.213919+00,2025-03-11 17:39:32.213919+00
8b748d0f-0f41-4719-8dc8-1ec7517cc929,en,resource.detailsTitle,Details,2025-03-11 15:35:51.393939+00,2025-03-11 15:35:51.393939+00
8be81990-3fcf-4325-82d9-ffdcb1fafe39,en,resource.visitWebsite,Visit Website,2025-03-11 15:35:51.393939+00,2025-03-11 15:35:51.393939+00
8c233c64-274f-4cb8-b1fb-7702206f0fec,en,resource.share.copy,Copy Link,2025-03-10 21:25:23.910641+00,2025-03-10 22:17:57.773514+00
8c395a4c-335f-48ef-98e1-0aac2704e279,pt-BR,comments.commentAdded,Comentário adicionado,2025-03-11 18:47:58.506637+00,2025-03-11 18:47:58.506637+00
8c59cbe4-8963-4cb7-8ccb-a276b5a7c66a,en,resource.liked,Liked,2025-03-10 21:25:23.910641+00,2025-03-10 22:17:57.773514+00
8c8c00ef-0601-476a-9a14-4c6735746da3,pt-BR,ui.edit,Editar,2025-03-10 22:17:57.773514+00,2025-03-10 22:17:57.773514+00
8d1e9ff7-2fd2-446b-a08e-36f0d41dab1b,en,subcategories.fonts,Fonts,2025-03-10 21:08:48.918996+00,2025-03-10 22:17:57.773514+00
8d3f8c24-2290-4235-9dd7-40faac1781cf,pt-BR,common.edit,Editar,2025-03-11 13:56:46.837146+00,2025-03-11 13:56:46.837146+00
8db9f1f5-a4a5-459c-9377-246ee2e676a3,en,errors.resourceNotFoundDesc,The resource you are looking for does not exist or has been removed.,2025-03-10 21:25:23.910641+00,2025-03-10 22:17:57.773514+00
8dc59629-5e21-4dd5-bae6-a403b8171754,pt-BR,common.profile,Perfil,2025-03-11 18:47:58.506637+00,2025-03-11 18:47:58.506637+00
8e0d730f-1f54-4a94-b3b1-67a9c987bfa0,pt-BR,favorites.errors.removeFavorite,Falha ao remover dos favoritos,2025-03-11 13:56:46.837146+00,2025-03-11 13:56:46.837146+00
8ebe006f-4808-4f95-bf76-f5a6ad4c26a5,pt-BR,resource.save,Salvar,2025-03-10 21:25:23.910641+00,2025-03-10 22:17:57.773514+00
8f119836-eca4-4bbe-9e22-cfc24a3d7514,en,resource.noRelated,No related resources found,2025-03-10 21:25:23.910641+00,2025-03-10 22:17:57.773514+00
8f28b4e8-735f-4be8-9e76-21556ca55e2c,en,home.sections.software,Software,2025-03-10 21:08:48.918996+00,2025-03-10 22:17:57.773514+00
8f2ae36c-a69d-43aa-8caf-62ad2c67621e,pt-BR,profile.editProfile,Editar Perfil,2025-03-11 13:56:46.837146+00,2025-03-11 13:56:46.837146+00
8f3f92ea-f1cf-4e16-a5fa-5ee6f9a353b0,pt-BR,home.filters.clear,Limpar,2025-03-10 22:17:57.773514+00,2025-03-10 22:17:57.773514+00
8f8b9596-8ea0-421c-9455-5b77cea11a56,pt-BR,resource.share.copy,Copiar Link,2025-03-10 21:25:23.910641+00,2025-03-10 22:17:57.773514+00
8fd0cb71-1cc9-409d-9061-70fdc4230e1c,pt-BR,home.filters.selectSubcategory,Selecionar subcategoria: {{name}},2025-03-11 18:47:58.506637+00,2025-03-11 18:47:58.506637+00
8fecb43c-663c-4e67-8601-87e47ba2782d,en,status.errors.supabaseQuery,Supabase query error: {error},2025-03-11 13:56:46.837146+00,2025-03-11 13:56:46.837146+00
900b010e-436e-443f-a24a-859d588a7dc8,pt-BR,ui.save,Salvar,2025-03-10 22:17:57.773514+00,2025-03-10 22:17:57.773514+00
90af19f0-fd1a-4b5b-b620-58d74a0f884d,pt-BR,resource.removeFavorite,Remover dos favoritos,2025-03-10 21:25:23.910641+00,2025-03-10 22:17:57.773514+00
90b0b8ab-c596-455b-8a6a-cbef05d1c985,pt-BR,tags.design,design,2025-03-11 18:20:36.101134+00,2025-03-11 18:20:36.101134+00
91078691-4794-4008-8eac-63aad021feee,pt-BR,categories.description,Navegue por nossa coleção selecionada de recursos de {category},2025-03-11 13:56:46.837146+00,2025-03-11 13:56:46.837146+00
9172acea-6aa0-4c93-beae-4f7cb52658c4,en,home.tags.popular,Popular tags,2025-03-10 22:17:57.773514+00,2025-03-10 22:17:57.773514+00
91817841-33b8-4873-a5e1-1d4e08ea99ec,pt-BR,ui.next,Próximo,2025-03-11 15:35:51.393939+00,2025-03-11 15:35:51.393939+00
91f7674e-bffd-4742-9780-3f621eddb22e,en,subcategories.color,Color,2025-03-10 21:08:48.918996+00,2025-03-10 22:17:57.773514+00
92103778-b30c-4c29-b1de-45811e1e73f9,en,status.supabase.status.degraded,DEGRADED,2025-03-11 13:56:46.837146+00,2025-03-11 13:56:46.837146+00
92bdfc30-207d-4166-a760-2380eac4f863,en,software.cursor,Cursor,2025-03-10 21:08:48.918996+00,2025-03-10 22:17:57.773514+00
92c51b04-5af4-4f35-b490-0004ef42e1a3,pt-BR,status.supabase.status.error,ERRO,2025-03-11 13:56:46.837146+00,2025-03-11 13:56:46.837146+00
92cbbb4d-c18d-44b0-88d2-0b503b2b49e6,pt-BR,resource.noRelated,Nenhum recurso relacionado encontrado,2025-03-10 21:25:23.910641+00,2025-03-10 22:17:57.773514+00
931642f9-1a21-4b28-83ff-46c27876c5bb,pt-BR,ui.filter,Filtrar,2025-03-10 22:17:57.773514+00,2025-03-10 22:17:57.773514+00
9350cc4a-4da2-4100-b587-cb3c85141880,en,tags.popular,Popular,2025-03-10 21:25:23.910641+00,2025-03-10 22:17:57.773514+00
936ed8b4-b2f0-4e32-8e1c-a663e60581da,en,subcategories.productivity,Productivity,2025-03-10 21:08:48.918996+00,2025-03-10 22:17:57.773514+00
9391f156-fd4f-44e8-bda8-d492f00f4b27,pt-BR,tags.indesign,indesign,2025-03-11 18:47:58.506637+00,2025-03-11 18:47:58.506637+00
94e50c74-cb2a-4ae3-a188-c31e1e87c0fb,pt-BR,resource.detailsTitle,Detalhes,2025-03-11 15:35:51.393939+00,2025-03-11 15:35:51.393939+00
9554c285-b567-44c7-b739-ac0e0546ad49,en,tags.figma,figma,2025-03-11 18:47:58.506637+00,2025-03-11 18:47:58.506637+00
955bc3a7-3b0a-4475-b46e-130966a55396,pt-BR,common.na,N/D,2025-03-11 13:56:46.837146+00,2025-03-11 13:56:46.837146+00
95610fc0-2808-40f7-afa9-47ea99eeed45,en,editProfile.errors.update,Failed to update profile,2025-03-10 22:35:19.634073+00,2025-03-10 22:35:19.634073+00
95879f3e-e4d6-44d1-9fbc-4d0f6d05c2ed,pt-BR,status.supabase.status.offline,OFFLINE,2025-03-11 13:56:46.837146+00,2025-03-11 13:56:46.837146+00
95f25426-ee43-46c6-a11d-bdd0d24d3152,en,profile.defaultUsername,User,2025-03-11 13:56:46.837146+00,2025-03-11 13:56:46.837146+00
961e0ef4-12a5-4129-857e-30692f1bafb6,en,editProfile.validation.required,Username is required,2025-03-10 22:35:19.634073+00,2025-03-10 22:35:19.634073+00
965cb708-d941-43cc-9ece-cdbb4759bb7b,en,ui.previous,Previous,2025-03-11 15:35:51.393939+00,2025-03-11 15:35:51.393939+00
96668b80-c9c6-44ed-b68a-372cd3ea782e,pt-BR,common.delete,Excluir,2025-03-11 13:56:46.837146+00,2025-03-11 13:56:46.837146+00
96c3c316-dc9a-4f84-ac9b-e34128dda296,pt,home.hero.titleHighlight,Recursos Criativos,2025-03-11 17:39:32.213919+00,2025-03-11 17:39:32.213919+00
97881e72-3910-45bb-b158-c4d5ac76b22f,en,software.indesign,InDesign,2025-03-10 21:08:48.918996+00,2025-03-10 22:17:57.773514+00
97af6198-7c3e-49dd-a091-0e97a0c611f7,en,common.backToProfile,Back to Profile,2025-03-11 13:56:46.837146+00,2025-03-11 13:56:46.837146+00
9857f7da-8c5e-42e9-ac7e-22478abe5427,en,common.error.comments,Failed to load comments,2025-03-11 13:56:46.837146+00,2025-03-11 13:56:46.837146+00
98b418aa-bc73-4ec9-8c29-db0197dbfcb5,pt-BR,common.signOut,Sair,2025-03-10 21:08:48.918996+00,2025-03-10 22:17:57.773514+00
990cdc2d-321a-4b2f-9f3d-9f2409f1a8fa,en,ui.required,Required,2025-03-11 15:35:51.393939+00,2025-03-11 15:35:51.393939+00
9942cea1-8e2a-4369-80ed-13f4880c20db,en,home.stats.users,Users,2025-03-10 22:17:57.773514+00,2025-03-10 22:17:57.773514+00
997dcb1d-20f5-44cd-98ac-14c17c5cbca9,en,common.delete,Delete,2025-03-11 13:56:46.837146+00,2025-03-11 13:56:46.837146+00
99c3404f-2c64-4db4-8e37-e4e5ca66046d,en,resource.category,Category,2025-03-10 21:25:23.910641+00,2025-03-10 22:17:57.773514+00
99f05f83-5520-4115-9b18-9c29b895e0eb,en,home.sections.recent,Recently Added,2025-03-10 22:17:57.773514+00,2025-03-10 22:17:57.773514+00
99f2e75b-33a9-40c2-b463-bf0f9e29f611,pt-BR,status.lastChecked,Última Verificação,2025-03-11 13:56:46.837146+00,2025-03-11 13:56:46.837146+00
9a32ff52-824c-4a3e-9784-d3a74a259494,en,home.sections.error,Error loading resources,2025-03-10 22:17:57.773514+00,2025-03-10 22:17:57.773514+00
9a4ed3f6-c56a-49e8-a042-d732780d1147,pt-BR,software.premiere,Premiere,2025-03-10 21:08:48.918996+00,2025-03-10 22:17:57.773514+00
9c016eae-a547-476a-bb04-979fd4c1a5ab,pt-BR,status.supabase.status.checking,VERIFICANDO,2025-03-11 13:56:46.837146+00,2025-03-11 13:56:46.837146+00
9c1d1bfb-edf1-4fc9-ac9e-ec97a60f1c0c,en,home.filters.title,Filter Resources,2025-03-10 22:17:57.773514+00,2025-03-10 22:17:57.773514+00
9cb5301d-8c76-49a4-adbe-4419f708422f,pt-BR,common.share,Compartilhar,2025-03-11 13:56:46.837146+00,2025-03-11 13:56:46.837146+00
9cc029de-a3fa-4eb5-893e-d1d88374e87c,pt-BR,status.errors.prefix,Erro,2025-03-11 13:56:46.837146+00,2025-03-11 13:56:46.837146+00
9cf5db9f-a6e3-4965-b1be-1b03a3dcf639,en,ui.selected,Selected,2025-03-10 22:17:57.773514+00,2025-03-10 22:17:57.773514+00
9cffa1a7-ec9e-4b66-9677-b827aff9d4b5,en,home.search.placeholder,"Search for resources, tools, or inspiration...",2025-03-10 21:08:48.918996+00,2025-03-10 22:17:57.773514+00
9d73e7c8-2e59-4d19-be97-10f71dc12484,pt-BR,ui.other,Outro,2025-03-11 15:35:51.393939+00,2025-03-11 15:35:51.393939+00
9da41903-f92e-4c84-b9b8-0ca41d80776f,pt-BR,errors.pageNotFound,Página não encontrada,2025-03-10 21:08:48.918996+00,2025-03-10 22:17:57.773514+00
9dbd4b33-28e3-4da8-91af-304bbe4df690,pt-BR,tags.adobe,adobe,2025-03-11 18:47:58.506637+00,2025-03-11 18:47:58.506637+00
9dc89774-3853-4736-9953-3eecd72d48fc,en,ui.less,Less,2025-03-10 22:17:57.773514+00,2025-03-10 22:17:57.773514+00
9ec466fb-9518-4201-888f-41371cd8db08,pt-BR,home.categories.tools,Ferramentas,2025-03-10 22:17:57.773514+00,2025-03-10 22:17:57.773514+00
9ed0cb3e-56a5-4c11-8b8f-271fee082476,en,tags.trending,Trending,2025-03-10 21:25:23.910641+00,2025-03-10 22:17:57.773514+00
9fb6932b-466f-4a54-981e-8505ea336213,pt-BR,profile.favorites.empty,Você ainda não adicionou nenhum favorito.,2025-03-11 13:56:46.837146+00,2025-03-11 13:56:46.837146+00
a04453fa-e5bd-4343-9e1c-2d6b5b02a9d6,pt-BR,home.hero.title,Descubra,2025-03-10 21:08:48.918996+00,2025-03-10 22:17:57.773514+00
a05a5cbc-9611-4d2b-98b4-3a21576c775a,en,submit.form.category,Category,2025-03-11 13:56:46.837146+00,2025-03-11 13:56:46.837146+00
a079443a-d8bd-4e30-a97d-16de90e832d3,pt-BR,ui.empty,Nenhum item encontrado,2025-03-10 22:17:57.773514+00,2025-03-10 22:17:57.773514+00
a086f903-c902-4c7a-b422-780ce6e3c172,pt-BR,home.filters.selectSoftware,Selecionar software: {{name}},2025-03-11 18:47:58.506637+00,2025-03-11 18:47:58.506637+00
a1072b9e-105a-44d6-9139-1012ccf48331,en,profile.favorites.empty,You haven't added any favorites yet.,2025-03-11 13:56:46.837146+00,2025-03-11 13:56:46.837146+00
a12a56df-7ea8-4004-bf3b-622b676621d4,pt-BR,home.filters.noResults,Nenhum recurso encontrado com os filtros selecionados,2025-03-10 22:17:57.773514+00,2025-03-10 22:17:57.773514+00
a14eae61-3847-4a23-9c9f-0266ee40c4ef,pt-BR,tags.premium,Premium,2025-03-10 21:25:23.910641+00,2025-03-10 22:17:57.773514+00
a1f49615-a203-44b4-9b25-574a62640c1d,en,errors.pageNotFoundDesc,The page you're looking for doesn't exist or has been moved.,2025-03-10 21:08:48.918996+00,2025-03-10 22:17:57.773514+00
a201f175-7656-4a4e-9a6b-3a28eb8fa4aa,pt-BR,status.server.status.offline,OFFLINE,2025-03-11 13:56:46.837146+00,2025-03-11 13:56:46.837146+00
a21521c4-244c-4fbe-b53a-d458cd303428,pt-BR,editProfile.form.save,Salvar Alterações,2025-03-10 22:35:19.634073+00,2025-03-10 22:35:19.634073+00
a360065f-a850-4d0e-9aea-b4df998c7202,pt-BR,home.filters.activeLabel,Filtros ativos,2025-03-10 21:08:48.918996+00,2025-03-10 22:17:57.773514+00
a3f8db1d-c284-4e89-97f7-1cab68e38724,pt-BR,subcategories.color,Cores,2025-03-10 21:08:48.918996+00,2025-03-10 22:17:57.773514+00
a4b97c19-07d0-4520-b8ce-70582199ece9,pt,categories.community,Comunidade,2025-03-11 17:39:32.213919+00,2025-03-11 17:39:32.213919+00
a50087cb-efa2-4fba-9c9f-bbc4dafa72a9,en,common.loadMore,Show more,2025-03-11 13:56:46.837146+00,2025-03-11 13:56:46.837146+00
a5adf68a-772e-466b-937d-076db3980a52,pt-BR,editProfile.form.saving,Salvando...,2025-03-10 22:35:19.634073+00,2025-03-10 22:35:19.634073+00
a7148c23-4bc4-481e-8811-f4d7869c7acc,pt-BR,resource.addedToFavorites,Adicionado aos favoritos,2025-03-10 21:25:23.910641+00,2025-03-10 22:17:57.773514+00
a84f3642-f633-4fc4-8e24-39b281a755fa,en,ui.view,View,2025-03-11 15:35:51.393939+00,2025-03-11 15:35:51.393939+00
a893295c-0675-4601-a59a-293e269659ad,en,common.resources,Resources,2025-03-10 21:08:48.918996+00,2025-03-10 22:17:57.773514+00
a9cd6395-59aa-43f4-a7c5-adf30e03c57a,pt-BR,ui.less,Menos,2025-03-10 22:17:57.773514+00,2025-03-10 22:17:57.773514+00
aa6cdf1f-2ad2-4506-8586-d965ed0637e6,en,editProfile.form.avatarAlt,Avatar option {number},2025-03-10 22:35:19.634073+00,2025-03-10 22:35:19.634073+00
aab30a22-d7f7-4383-930a-c63127c0e601,en,common.back,Back,2025-03-10 21:08:48.918996+00,2025-03-10 22:17:57.773514+00
ab5ed7da-1f97-45bc-963f-fdb9d3f24e0e,en,home.filters.subcategory,Subcategory,2025-03-10 22:17:57.773514+00,2025-03-10 22:17:57.773514+00
aba6da7d-2674-4462-9efa-99c013e5d261,pt-BR,submit.success,Recurso enviado com sucesso!,2025-03-11 13:56:46.837146+00,2025-03-11 13:56:46.837146+00
ac5dc46b-ffc0-4dc0-94d8-cca3239daedb,pt-BR,category.filters.subcategory,Subcategoria,2025-03-11 13:56:46.837146+00,2025-03-11 13:56:46.837146+00
ad1c1f67-dbe6-4105-b29e-75f2eec08111,pt-BR,favorites.title,Seus Favoritos,2025-03-11 13:56:46.837146+00,2025-03-11 13:56:46.837146+00
af0b91f5-5852-439d-b24d-76d9f019afab,pt-BR,ui.cancel,Cancelar,2025-03-10 22:17:57.773514+00,2025-03-10 22:17:57.773514+00
af9c22ec-f433-44e0-b742-378405ba95e9,en,home.categories.inspiration,Inspiration,2025-03-10 22:17:57.773514+00,2025-03-10 22:17:57.773514+00
afdc4d1b-4742-49a1-848e-505180002a7d,en,status.errors.connectionFailed,Connection failed,2025-03-11 13:56:46.837146+00,2025-03-11 13:56:46.837146+00
b08e5734-8180-4a28-bb48-07a9e100ed26,pt-BR,home.categories.assets,Recursos,2025-03-10 22:17:57.773514+00,2025-03-10 22:17:57.773514+00
b0cce9e3-19d9-4b0a-9f2a-4d5797477140,en,home.tags.trending,Trending tags,2025-03-10 22:17:57.773514+00,2025-03-10 22:17:57.773514+00
b115db66-ce7a-493d-9b52-d89cfe1cecba,pt-BR,profile.accountInfo.username,Nome de usuário,2025-03-11 13:56:46.837146+00,2025-03-11 13:56:46.837146+00
b184ad4c-df61-428c-8b25-e2abc056743e,en,resource.cardAriaLabel,View {title} details,2025-03-10 21:25:23.910641+00,2025-03-10 22:17:57.773514+00
b2e328a3-1631-43f5-9391-4b1aa8ba0e1d,en,tags.photoshop,photoshop,2025-03-11 18:47:58.506637+00,2025-03-11 18:47:58.506637+00
b31d2460-f8d0-46c4-8884-6e59a6eff04e,pt,common.submit,Enviar,2025-03-10 20:53:46.593206+00,2025-03-10 20:53:46.593206+00
b33898c0-dc50-49f5-b437-a6f7ce218b11,pt-BR,status.supabase.status.online,ONLINE,2025-03-11 13:56:46.837146+00,2025-03-11 13:56:46.837146+00
b3c96562-ad05-48f5-8593-8d677dcacde9,pt-BR,tags.after-effects,after-effects,2025-03-11 18:47:58.506637+00,2025-03-11 18:47:58.506637+00
b3effc39-ed5e-4afc-8f4e-0ac7057d1b58,pt-BR,editProfile.form.avatarAlt,Opção de avatar {number},2025-03-10 22:35:19.634073+00,2025-03-10 22:35:19.634073+00
b4044f48-b15e-4774-a173-ebfe16256bdd,pt-BR,resource.share.copied,Link copiado para a área de transferência,2025-03-10 21:25:23.910641+00,2025-03-10 22:17:57.773514+00
b413183b-dde0-433d-9c6f-996c71cd265b,en,home.sections.trendingResources,Trending Resources,2025-03-10 21:08:48.918996+00,2025-03-10 22:17:57.773514+00
b43b3b6b-8836-4896-a3dc-7a0ec49d3c52,pt-BR,editProfile.errors.connection,Não foi possível conectar ao banco de dados. Verifique sua conexão com a internet.,2025-03-10 22:35:19.634073+00,2025-03-10 22:35:19.634073+00
b487adfe-9c32-4a3f-836e-b21295b1e5ea,pt-BR,common.error.loading,Falha ao carregar recursos,2025-03-11 13:56:46.837146+00,2025-03-11 13:56:46.837146+00
b48a4f40-0435-42d3-8518-f7517266fab7,pt-BR,ui.all,Todos,2025-03-11 15:35:51.393939+00,2025-03-11 15:35:51.393939+00
b494903c-e03e-434d-a383-d6f3f1c0f5e2,en,profile.editProfile,Edit Profile,2025-03-11 13:56:46.837146+00,2025-03-11 13:56:46.837146+00
b4adbaa2-e04b-4285-99e6-71436e4e5fb2,pt-BR,subcategories.photos-videos,Imagens e Vídeos,2025-03-10 21:08:48.918996+00,2025-03-10 22:17:57.773514+00
b4d17dc2-ce69-4719-9b62-73f2cac93a8b,pt-BR,submit.form.submit,Enviar Recurso,2025-03-11 13:56:46.837146+00,2025-03-11 13:56:46.837146+00
b51a4f33-d7b4-4e68-b5ad-ca3f4dd0474b,en,common.edit,Edit,2025-03-11 13:56:46.837146+00,2025-03-11 13:56:46.837146+00
b51c57bf-8c68-438c-949c-e7aa4b99392c,pt-BR,resource.liked,Curtido,2025-03-10 21:25:23.910641+00,2025-03-10 22:17:57.773514+00
b581271d-a32f-4294-a12a-2651ec848f29,pt-BR,status.tables.rows,Linhas,2025-03-11 13:56:46.837146+00,2025-03-11 13:56:46.837146+00
b5de71c5-63e6-4921-9ae4-95b0d76f909c,pt-BR,profile.errors.signOut,Falha ao sair: {error},2025-03-11 13:56:46.837146+00,2025-03-11 13:56:46.837146+00
b7128369-7f07-447a-ac28-7c6b0763ac83,pt-BR,ui.sort,Ordenar,2025-03-10 22:17:57.773514+00,2025-03-10 22:17:57.773514+00
b7862da3-9460-4a80-b004-0aca5762c4a4,en,ui.share,Share,2025-03-11 15:35:51.393939+00,2025-03-11 15:35:51.393939+00
b7cc1b70-2af7-4bab-8103-a5b0c1cc3d76,pt,common.signOut,Sair,2025-03-10 20:53:46.593206+00,2025-03-10 20:53:46.593206+00
b8167346-4b14-40a9-a4cc-2e97ac653232,en,subcategories.ui-ux,UI/UX,2025-03-10 21:08:48.918996+00,2025-03-10 22:17:57.773514+00
b8ce8d15-4b81-4eb4-afcb-88a20043255a,pt-BR,ui.confirm,Confirmar,2025-03-10 22:17:57.773514+00,2025-03-10 22:17:57.773514+00
b8d018ae-fd44-40b8-9ba5-4254e06da70e,en,subcategories.textures,Textures,2025-03-10 21:08:48.918996+00,2025-03-10 22:17:57.773514+00
b9009c5b-3657-45a6-ad6b-8fc5af3da450,en,common.signIn,Sign In,2025-03-10 20:53:46.593206+00,2025-03-10 20:53:46.593206+00
b9fd3bef-f723-4f7f-83c5-00cb6185a1ef,en,subcategories.ai,AI,2025-03-10 21:08:48.918996+00,2025-03-10 22:17:57.773514+00
bb186689-c241-47a1-a0d3-2497827404e3,pt-BR,comments.postComment,Publicar Comentário,2025-03-11 18:47:58.506637+00,2025-03-11 18:47:58.506637+00
bb19cbf0-2810-4414-8d5b-08bac089f494,en,ui.error,Error,2025-03-10 22:17:57.773514+00,2025-03-10 22:17:57.773514+00
bc14983a-e940-4ebc-aec1-a1838bd5f201,pt-BR,submit.description,Compartilhe um recurso valioso com a comunidade. Todas as submissões são revisadas antes de serem publicadas.,2025-03-11 13:56:46.837146+00,2025-03-11 13:56:46.837146+00
bc3bcc32-089c-4710-8c1e-af46892dc8f6,en,comments.failedToAdd,Failed to add comment,2025-03-11 18:47:58.506637+00,2025-03-11 18:47:58.506637+00
bc5c21f5-610d-4a28-9e13-754b059f2699,en,home.sections.popular,Most Popular,2025-03-10 22:17:57.773514+00,2025-03-10 22:17:57.773514+00
bd3499a0-3fa9-4602-82f2-adebc950bb68,en,common.profile,Profile,2025-03-10 20:53:46.593206+00,2025-03-10 20:53:46.593206+00
bd577ac8-e929-438f-a03e-0b550d8dba1c,pt,home.hero.subtitle,"Encontre as melhores ferramentas, recursos e inspiração para designers, desenvolvedores e criadores.",2025-03-11 17:39:32.213919+00,2025-03-11 17:39:32.213919+00
bde1cd72-c9e5-46c3-bc89-cfe825c67095,pt-BR,editProfile.form.username,Nome de usuário,2025-03-10 22:35:19.634073+00,2025-03-10 22:35:19.634073+00
bdeb26a6-3693-4100-8bd1-da95172e4faf,en,profile.errors.unexpectedSignOut,An unexpected error occurred during sign out,2025-03-11 13:56:46.837146+00,2025-03-11 13:56:46.837146+00
bded6fea-64e5-4c80-8f1d-3e0c73759b13,pt,common.signIn,Entrar,2025-03-10 20:53:46.593206+00,2025-03-10 20:53:46.593206+00
be9d6649-9261-4f94-b662-3d059c2153f8,en,editProfile.title,Edit Profile,2025-03-10 22:35:19.634073+00,2025-03-10 22:35:19.634073+00
c001e58e-b901-40f6-85d8-b0d0ccfad612,pt-BR,errors.unauthorized,Você não está autorizado a visualizar esta página,2025-03-11 13:56:46.837146+00,2025-03-11 13:56:46.837146+00
c0514631-c518-42f6-80cd-41ae3876766f,pt,home.hero.titleEnd,para seus Projetos,2025-03-11 17:39:32.213919+00,2025-03-11 17:39:32.213919+00
c0d880f3-612a-4d59-abc1-1c1f6c3d2546,en,category.noResultsFiltered,No resources found matching your filters.,2025-03-11 13:56:46.837146+00,2025-03-11 13:56:46.837146+00
c104f5e0-89ee-4e57-9d15-16d9815a4349,en,resource.metaDescription,{title} - View details and related resources,2025-03-11 15:35:51.393939+00,2025-03-11 15:35:51.393939+00
c1a42a75-ba1f-40c6-82bd-8c24aa657674,pt-BR,tags.vscode,vscode,2025-03-11 18:47:58.506637+00,2025-03-11 18:47:58.506637+00
c1f6a855-9713-4e4c-a843-91d6fdfe975f,pt-BR,resource.views,Visualizações,2025-03-10 21:25:23.910641+00,2025-03-10 22:17:57.773514+00
c23e6b3a-c755-4b20-bdcb-36a71af39bbc,pt-BR,favorites.empty,Você ainda não adicionou nenhum favorito.,2025-03-11 13:56:46.837146+00,2025-03-11 13:56:46.837146+00
c28ebb41-58f3-42b1-a7df-40422607a1a5,en,status.supabase.status.online,ONLINE,2025-03-11 13:56:46.837146+00,2025-03-11 13:56:46.837146+00
c38943ae-6118-4a1b-8f43-803158f75c5d,pt-BR,ui.delete,Excluir,2025-03-10 22:17:57.773514+00,2025-03-10 22:17:57.773514+00
c3bde570-f363-4e76-a81a-ed11a2eaedc4,pt-BR,home.popular.label,Populares,2025-03-10 21:08:48.918996+00,2025-03-10 22:17:57.773514+00
c44c2c60-1e31-4d9c-b3b4-07d374ce2360,en,subcategories.design,Design,2025-03-10 21:08:48.918996+00,2025-03-10 22:17:57.773514+00
c4c86e79-3ce1-4d79-be52-185c65b147f4,pt-BR,software.blender,Blender,2025-03-10 21:08:48.918996+00,2025-03-10 22:17:57.773514+00
c4e171c7-d2c0-4819-81d8-304f758a7994,en,submit.form.selectCategory,Select a category,2025-03-11 13:56:46.837146+00,2025-03-11 13:56:46.837146+00
c4f5a6c4-83c6-4a44-9998-0343d793b46a,pt,categories.tools,Ferramentas,2025-03-11 17:39:32.213919+00,2025-03-11 17:39:32.213919+00
c5366cb0-d3b8-47cc-8ecd-037da48b7a1e,en,common.na,N/A,2025-03-11 13:56:46.837146+00,2025-03-11 13:56:46.837146+00
c64f0c69-2c4e-4c89-bbb8-4111ce32c114,en,home.categories.reference,Reference,2025-03-10 22:17:57.773514+00,2025-03-10 22:17:57.773514+00
c6dc8509-6995-416a-a490-40f7d9bd5e7e,en,resource.description,Description,2025-03-10 21:25:23.910641+00,2025-03-10 22:17:57.773514+00
c701fe52-5890-4e4c-b044-12cd04da1b24,en,comments.postComment,Post Comment,2025-03-11 18:47:58.506637+00,2025-03-11 18:47:58.506637+00
c745b600-8154-4584-9b91-9c196d608a69,pt-BR,errors.resourceNotFound,Recurso não encontrado,2025-03-10 21:25:23.910641+00,2025-03-10 22:17:57.773514+00
c7d3fbab-412d-43dc-b715-30b53d73a3b4,en,status.supabase.responseTime,Response Time,2025-03-11 13:56:46.837146+00,2025-03-11 13:56:46.837146+00
ca115961-1e74-4590-a48b-f88603a24611,en,status.tables.name,Table Name,2025-03-11 13:56:46.837146+00,2025-03-11 13:56:46.837146+00
ca34ca83-8c25-41f2-9e29-f4048a834efc,en,categories.tools,Tools,2025-03-10 21:08:48.918996+00,2025-03-10 22:17:57.773514+00
ca49b74f-2034-46fa-ab7f-51d93452ea34,en,profile.favorites.browse,Browse resources,2025-03-11 13:56:46.837146+00,2025-03-11 13:56:46.837146+00
ca900cbf-c321-4e32-bbca-787dd2052de1,en,resource.like,Like,2025-03-10 21:25:23.910641+00,2025-03-10 22:17:57.773514+00
cb29e361-7f7e-4f48-ba9d-969c5ef2d82e,pt-BR,common.backToProfile,Voltar para Perfil,2025-03-11 13:56:46.837146+00,2025-03-11 13:56:46.837146+00
cb2b1591-11b9-42b8-b31d-d603da5dac1f,pt-BR,home.filters.software,Software,2025-03-10 22:17:57.773514+00,2025-03-10 22:17:57.773514+00
cb3fd9f8-1136-4265-a324-eb589bb1de96,en,resource.addFavorite,Add to favorites,2025-03-10 21:25:23.910641+00,2025-03-10 22:17:57.773514+00
cb5db5be-5526-40cf-9f8a-1c19939bd225,en,resource.share,Share,2025-03-10 21:25:23.910641+00,2025-03-10 22:17:57.773514+00
cb65f417-17ee-4376-9a44-7bce20677aef,pt-BR,home.sections.popular,Mais Populares,2025-03-10 22:17:57.773514+00,2025-03-10 22:17:57.773514+00
cbb4375c-658e-4ff4-946b-1263273849c5,pt-BR,home.sections.trending,Em Alta,2025-03-10 22:17:57.773514+00,2025-03-10 22:17:57.773514+00
ccf3a63d-e750-43da-a4de-392e1423641b,en,editProfile.form.username,Username,2025-03-10 22:35:19.634073+00,2025-03-10 22:35:19.634073+00
cd4222e4-6c90-4d2f-bacd-e47356d59ffc,en,resource.loading,Loading...,2025-03-11 15:35:51.393939+00,2025-03-11 15:35:51.393939+00
cd88338e-fb9f-46a8-b75a-60811da0df55,pt-BR,profile.accountInfo.notSet,Não definido,2025-03-11 13:56:46.837146+00,2025-03-11 13:56:46.837146+00
cdc93aed-63b6-4fdf-a107-e716d0cf8360,en,ui.other,Other,2025-03-11 15:35:51.393939+00,2025-03-11 15:35:51.393939+00
cdd486c9-066c-4308-84da-cc8667911f08,pt-BR,tags.photoshop,photoshop,2025-03-11 18:47:58.506637+00,2025-03-11 18:47:58.506637+00
ce0c9722-1f5e-4215-8385-5618f877e4ea,pt-BR,status.tables.status.inaccessible,Inacessível,2025-03-11 13:56:46.837146+00,2025-03-11 13:56:46.837146+00
cee1dd7a-949f-420d-bb25-34e6cb253622,pt-BR,submit.form.submitting,Enviando...,2025-03-11 13:56:46.837146+00,2025-03-11 13:56:46.837146+00
cef311f4-c34d-4ebe-82dc-3d8db9ff006b,en,editProfile.validation.invalidChars,"Username can only contain letters, numbers, underscores, and hyphens",2025-03-10 22:35:19.634073+00,2025-03-10 22:35:19.634073+00
cf0bb405-1c05-4705-9d76-101fe887cf15,pt-BR,home.filters.clearAll,Limpar tudo,2025-03-10 21:08:48.918996+00,2025-03-10 22:17:57.773514+00
cf333697-ad71-4550-a0a1-36d51b0a13b2,pt-BR,resource.report,Reportar,2025-03-10 21:25:23.910641+00,2025-03-10 22:17:57.773514+00
cf3ba39b-c525-4280-8d83-715d21cdc288,en,resource.visit,Visit,2025-03-10 21:25:23.910641+00,2025-03-10 22:17:57.773514+00
d0301717-e957-441b-85d0-51a5f4a4e280,pt-BR,home.filters.apply,Aplicar filtros,2025-03-10 22:17:57.773514+00,2025-03-10 22:17:57.773514+00
d0bc1da1-51a5-4d9a-b603-13cb6840da7b,en,home.tags.more,More tags,2025-03-10 22:17:57.773514+00,2025-03-10 22:17:57.773514+00
d0c77191-2947-4dd8-bb53-4b1f9266d05a,en,home.categories.assets,Assets,2025-03-10 22:17:57.773514+00,2025-03-10 22:17:57.773514+00
d0d29f5d-3f12-4938-a536-32533f1a99d3,en,status.supabase.status.error,ERROR,2025-03-11 13:56:46.837146+00,2025-03-11 13:56:46.837146+00
d19e0b6d-4a09-468c-a510-be8161c50e2a,en,home.sections.mostLiked,Most Liked Resources,2025-03-10 21:08:48.918996+00,2025-03-10 22:17:57.773514+00
d1a569bc-7c48-4029-81b8-caf1ff72a116,en,editProfile.form.avatar,Avatar,2025-03-10 22:35:19.634073+00,2025-03-10 22:35:19.634073+00
d1cf2f5a-f19c-4b82-a7a5-9191d066c888,pt-BR,submit.form.description,Descrição,2025-03-11 13:56:46.837146+00,2025-03-11 13:56:46.837146+00
d204ab92-7b52-4254-a3df-1efbb3bb3257,en,ui.close,Close,2025-03-10 22:17:57.773514+00,2025-03-10 22:17:57.773514+00
d263d524-b246-48d4-b72e-88d3f08ff63b,pt-BR,tags.typography,tipografia,2025-03-11 18:20:36.101134+00,2025-03-11 18:20:36.101134+00
d2ed3c0e-3fb2-4a2a-92aa-a829003ce333,pt-BR,tags.mockups,mockups,2025-03-11 18:20:36.101134+00,2025-03-11 18:20:36.101134+00
d378716e-9471-4405-9659-ecea355bef1a,en,status.server.memoryUsage,Memory Usage,2025-03-11 13:56:46.837146+00,2025-03-11 13:56:46.837146+00
d3b24401-6217-4abf-bbb1-29e1e69ed440,en,status.server.responseTime,Response Time,2025-03-11 13:56:46.837146+00,2025-03-11 13:56:46.837146+00
d3d6842f-bc20-4d87-889e-dbe36afd2956,pt-BR,errors.resourceNotFoundDesc,O recurso que você está procurando não existe ou foi removido.,2025-03-10 21:25:23.910641+00,2025-03-10 22:17:57.773514+00
d3f56415-e25c-43a5-80e5-91a59d5a02fc,pt,common.home,Início,2025-03-10 20:53:46.593206+00,2025-03-10 20:53:46.593206+00
d411d19d-31d3-45a3-8f86-d6194f699ef5,pt-BR,status.server.uptime,Tempo Online,2025-03-11 13:56:46.837146+00,2025-03-11 13:56:46.837146+00
d44ddb4b-e037-4d7f-822c-eaa4aa2896e9,en,resource.author,Author,2025-03-10 21:25:23.910641+00,2025-03-10 22:17:57.773514+00
d45648d5-cafd-44b1-a834-f8ecc2db62a2,en,software.illustrator,Illustrator,2025-03-10 21:08:48.918996+00,2025-03-10 22:17:57.773514+00
d535719b-885a-4ad9-9e65-b4667e8b7d8d,en,home.sections.viewAll,View All,2025-03-10 22:17:57.773514+00,2025-03-10 22:17:57.773514+00
d5a1af85-9878-49e5-a0a1-a89b0d3e8f2b,pt-BR,resource.description,Descrição,2025-03-10 21:25:23.910641+00,2025-03-10 22:17:57.773514+00
d5a3af60-40c8-4c6a-9b65-4d2286aea643,en,tags.design,design,2025-03-11 18:20:36.101134+00,2025-03-11 18:20:36.101134+00
d5ad708d-3172-4ed2-8f8c-9f6f8e704737,en,ui.select,Select,2025-03-10 22:17:57.773514+00,2025-03-10 22:17:57.773514+00
d5d8c4ac-58ce-4a2b-9cdc-40a1eb5482cf,en,status.server.uptimeValue,{hours} hours,2025-03-11 13:56:46.837146+00,2025-03-11 13:56:46.837146+00
d615e998-eb4e-4596-86d7-2cbbdba6998f,pt-BR,editProfile.errors.timeout,"O carregamento demorou muito. Por favor, atualize a página.",2025-03-10 22:35:19.634073+00,2025-03-10 22:35:19.634073+00
d962f215-391e-4f1e-b455-55ac05b8721b,en,home.hero.titleHighlight,Creative Resources,2025-03-10 21:08:48.918996+00,2025-03-10 22:17:57.773514+00
da050d02-a7fb-4003-ba37-831b8fde4401,en,category.filters.popularTags,Popular Tags,2025-03-11 13:56:46.837146+00,2025-03-11 13:56:46.837146+00
da0da65f-4466-4f07-9e57-b7f954f75e10,pt-BR,status.server.status.online,ONLINE,2025-03-11 13:56:46.837146+00,2025-03-11 13:56:46.837146+00
dbb644dd-cb7c-41f7-bee2-1019ab1e9fb0,pt-BR,comments.addComment,Adicionar um comentário...,2025-03-11 18:47:58.506637+00,2025-03-11 18:47:58.506637+00
dbbb5faf-54b6-4c45-ae9e-23e32ce1d7e4,en,subcategories.audiovisual,Audiovisual,2025-03-10 21:08:48.918996+00,2025-03-10 22:17:57.773514+00
dc12f1d5-f2b0-49e1-99ae-955d9530708e,pt-BR,submit.signInRequired,Você precisa estar conectado para enviar um recurso.,2025-03-11 13:56:46.837146+00,2025-03-11 13:56:46.837146+00
dc91ecdf-776a-4a2c-8d07-708da2666aa3,en,ui.copy,Copy,2025-03-11 15:35:51.393939+00,2025-03-11 15:35:51.393939+00
dd7ecde2-5043-4b8d-841e-58a9124c0c4e,en,subcategories.portfolio,Portfolio,2025-03-10 21:08:48.918996+00,2025-03-10 22:17:57.773514+00
dd92b63d-5dab-4528-a79b-cd729d326f9d,en,resource.comments,Comments,2025-03-10 21:25:23.910641+00,2025-03-10 22:17:57.773514+00
ddb4a406-4e39-44ea-a60c-c09ffea2f780,pt-BR,submit.form.imageUrl,URL da Imagem,2025-03-11 13:56:46.837146+00,2025-03-11 13:56:46.837146+00
dee8a5cd-dac7-4479-8a4d-0153edec1b2b,pt-BR,ui.open,Abrir,2025-03-10 22:17:57.773514+00,2025-03-10 22:17:57.773514+00
df746fd1-d644-4d8d-b84d-0fce4dd05302,pt-BR,tags.sketch,sketch,2025-03-11 18:47:58.506637+00,2025-03-11 18:47:58.506637+00
dfa130ab-ea12-4a94-943b-1468c8c632b1,en,category.filters.search,Search,2025-03-11 13:56:46.837146+00,2025-03-11 13:56:46.837146+00
dfc444d0-5fd2-48bd-a4b9-eb56eccdb5ee,pt-BR,ui.copy,Copiar,2025-03-11 15:35:51.393939+00,2025-03-11 15:35:51.393939+00
dfc7f4fb-d521-4bce-8160-390518987803,pt-BR,submit.errors.submitFailed,Falha ao enviar recurso,2025-03-11 13:56:46.837146+00,2025-03-11 13:56:46.837146+00
e0d6c05e-5d2a-4751-a4d4-bffe045b600d,pt-BR,subcategories.typography,Tipografia,2025-03-10 21:08:48.918996+00,2025-03-10 22:17:57.773514+00
e199339f-068c-40dd-9b2a-e5aacc67fcce,en,ui.remove,Remove,2025-03-10 22:17:57.773514+00,2025-03-10 22:17:57.773514+00
e2d6bc56-3f83-4cfa-8b3d-b3f6bd61f15c,pt-BR,submit.errors.notSignedIn,Você precisa estar conectado para enviar um recurso,2025-03-11 13:56:46.837146+00,2025-03-11 13:56:46.837146+00
e30b16fd-7ba9-433e-9bea-077f837b1495,pt-BR,tags.popular,Popular,2025-03-10 21:25:23.910641+00,2025-03-10 22:17:57.773514+00
e3788719-dc71-462e-ad03-1744f6d754b9,en,categories.description,Browse our curated collection of {category} resources,2025-03-11 13:56:46.837146+00,2025-03-11 13:56:46.837146+00
e3f1da09-579f-4e97-a255-3a4e3fb433d0,pt-BR,favorites.browseResources,Explorar Recursos,2025-03-11 13:56:46.837146+00,2025-03-11 13:56:46.837146+00
e4072524-4c83-42c3-a2e4-b8c00f83fd94,en,resource.related,Related Resources,2025-03-10 21:25:23.910641+00,2025-03-10 22:17:57.773514+00
e4151b0c-de08-4b37-b277-f9ea5e5a11b1,pt-BR,tags.resources,recursos,2025-03-11 18:20:36.101134+00,2025-03-11 18:20:36.101134+00
e445494a-9930-451d-b85c-a651ed13d0ea,pt-BR,tags.3d,3d,2025-03-11 18:20:36.101134+00,2025-03-11 18:20:36.101134+00
e513d71c-e3e1-48f2-89cb-93ea68d6d717,pt-BR,categories.reference,Referências,2025-03-10 21:08:48.918996+00,2025-03-10 22:17:57.773514+00
e51d6202-89db-4e75-ada1-7eaf0fc49e36,en,status.tables.title,Database Tables,2025-03-11 13:56:46.837146+00,2025-03-11 13:56:46.837146+00
e530d222-e0bf-4e19-9c19-6f5947135f0b,pt-BR,editProfile.form.avatar,Avatar,2025-03-10 22:35:19.634073+00,2025-03-10 22:35:19.634073+00
e573b479-60f0-4981-8e93-8b49e04c40cc,en,subcategories.books,Books,2025-03-10 21:08:48.918996+00,2025-03-10 22:17:57.773514+00
e5cc3365-ea1c-4808-b9b4-4845d43e7e34,pt-BR,ui.required,Obrigatório,2025-03-11 15:35:51.393939+00,2025-03-11 15:35:51.393939+00
e5cf6539-a9f5-4e36-8dc6-6d98dbc724aa,en,tags.vscode,vscode,2025-03-11 18:47:58.506637+00,2025-03-11 18:47:58.506637+00
e61e7d25-613b-4433-be06-f39945905ecf,en,resource.addedToFavorites,Added to favorites,2025-03-10 21:25:23.910641+00,2025-03-10 22:17:57.773514+00
e69bd9c6-0f1b-4c28-abc8-644d8d64da78,pt-BR,common.loading,Carregando...,2025-03-11 13:56:46.837146+00,2025-03-11 13:56:46.837146+00
e7c8be28-6001-45d5-be79-e14f1c337f1f,en,status.supabase.status.checking,CHECKING,2025-03-11 13:56:46.837146+00,2025-03-11 13:56:46.837146+00
e837fbca-b90e-4f62-b885-0962c2280148,pt-BR,profile.favorites.title,Seus Favoritos,2025-03-11 13:56:46.837146+00,2025-03-11 13:56:46.837146+00
e84450f3-8175-4002-8f0e-42672a59803e,pt-BR,common.viewAll,Ver todos,2025-03-10 21:08:48.918996+00,2025-03-10 22:17:57.773514+00
e87de321-f6a4-478a-a960-a15c88230f3c,pt-BR,home.sections.empty,Nenhum recurso encontrado,2025-03-10 22:17:57.773514+00,2025-03-10 22:17:57.773514+00
e90a4744-69fd-4bd6-9d03-0ed87e14033c,en,ui.cancel,Cancel,2025-03-10 22:17:57.773514+00,2025-03-10 22:17:57.773514+00
ea7bdd56-8994-4187-aa22-05cb363d18e4,en,common.refresh,Refresh,2025-03-11 13:56:46.837146+00,2025-03-11 13:56:46.837146+00
eabc15ef-6331-4cf2-844f-ee4e6692f7c1,en,resource.notFound,Resource not found,2025-03-11 15:35:51.393939+00,2025-03-11 15:35:51.393939+00
eb64b1ab-95ec-4b41-aaf1-27a54dfa35a8,en,favorites.removed,Removed from favorites,2025-03-11 13:56:46.837146+00,2025-03-11 13:56:46.837146+00
eb85adf9-0274-4740-aac3-0b6a1ffe1054,pt-BR,profile.accountInfo.title,Informações da Conta,2025-03-11 13:56:46.837146+00,2025-03-11 13:56:46.837146+00
ecc9e223-b3c2-4433-952e-d7b6f9c61ece,pt-BR,home.filters.noTags,Nenhuma tag disponível,2025-03-11 18:20:36.101134+00,2025-03-11 18:20:36.101134+00
ed1a6c8a-6123-4a2e-b91f-6fa5a61e1f17,en,comments.posting,Posting...,2025-03-11 18:47:58.506637+00,2025-03-11 18:47:58.506637+00
ed39cab4-40fb-4fed-809f-3a2f5ccf2c03,en,subcategories.reference,Reference,2025-03-10 21:08:48.918996+00,2025-03-10 22:17:57.773514+00
ed569b6b-d250-4ef5-8d1f-47423f7a668d,pt-BR,home.categories.all,Todas as Categorias,2025-03-10 22:17:57.773514+00,2025-03-10 22:17:57.773514+00
ed83240f-1202-4b06-8af3-16ffd07f8ed1,en,subcategories.moodboard,Moodboard,2025-03-10 21:08:48.918996+00,2025-03-10 22:17:57.773514+00
edcb8d80-47c0-4145-91ac-2520cd2e5f5e,en,home.sections.recentUploads,Recent Uploads,2025-03-10 21:08:48.918996+00,2025-03-10 22:17:57.773514+00
ee597672-271a-48df-a98c-fdd7b5011027,pt-BR,home.stats.resources,Recursos,2025-03-10 22:17:57.773514+00,2025-03-10 22:17:57.773514+00
eecd7d0b-e252-49f8-a6c0-f183d097babc,en,submit.errors.notSignedIn,You must be signed in to submit a resource,2025-03-11 13:56:46.837146+00,2025-03-11 13:56:46.837146+00
eef8f477-bde2-472e-8d9f-e52b315b25a8,en,category.filters.active,Active Filters,2025-03-11 13:56:46.837146+00,2025-03-11 13:56:46.837146+00
eff45669-ddd6-4da5-ac8f-e39fc6d778f6,pt-BR,common.favorites,Favoritos,2025-03-10 21:08:48.918996+00,2025-03-10 22:17:57.773514+00
f009ace2-5781-416d-b515-67e4721c1aa5,pt-BR,subcategories.sfx,Efeitos Sonoros,2025-03-10 21:08:48.918996+00,2025-03-10 22:17:57.773514+00
f0314c2d-7d92-4c18-8e16-f6234dea3929,pt-BR,common.cancel,Cancelar,2025-03-11 13:56:46.837146+00,2025-03-11 13:56:46.837146+00
f0b7bfa8-2f4e-4201-9af9-966e64462da0,pt-BR,subcategories.design,Design,2025-03-10 21:08:48.918996+00,2025-03-10 22:17:57.773514+00
f0ec9997-17b0-49d2-bb83-7edd83650b48,en,ui.copied,Copied!,2025-03-11 15:35:51.393939+00,2025-03-11 15:35:51.393939+00
f10fc121-373c-4a84-abac-b79ba7d22582,en,editProfile.errors.title,Error Loading Profile,2025-03-10 22:35:19.634073+00,2025-03-10 22:35:19.634073+00
f13c14d3-d562-4894-bd8f-7486df8d1e16,pt,common.favorites,Favoritos,2025-03-10 20:53:46.593206+00,2025-03-10 20:53:46.593206+00
f1a4789a-a86d-42ad-a93e-f81aa0390562,pt-BR,tags.ai,ia,2025-03-11 18:20:36.101134+00,2025-03-11 18:20:36.101134+00
f2b01c28-3868-49b3-93a6-5d546153a2fa,pt-BR,comments.signInToComment,Faça login para comentar,2025-03-11 18:47:58.506637+00,2025-03-11 18:47:58.506637+00
f2f3e68d-842e-4f0e-8b74-a3900f04eeb1,en,common.home,Home,2025-03-10 20:53:46.593206+00,2025-03-10 22:17:57.773514+00
f2f67cfe-3bef-4c04-a1c9-c63a453244b9,en,ui.edit,Edit,2025-03-10 22:17:57.773514+00,2025-03-10 22:17:57.773514+00
f338114c-36bf-405c-9cd0-06803db45392,en,software.premiere,Premiere,2025-03-10 21:08:48.918996+00,2025-03-10 22:17:57.773514+00
f369f59a-a39c-4dd2-84d9-fea160268bb4,pt-BR,status.title,Status do Sistema,2025-03-11 13:56:46.837146+00,2025-03-11 13:56:46.837146+00
f431761c-187a-401a-abb5-708f5522879d,en,tags.adobe,adobe,2025-03-11 18:47:58.506637+00,2025-03-11 18:47:58.506637+00
f4cd818a-a1b4-4975-9aa1-b9bab7e36940,pt-BR,resource.like,Curtir,2025-03-10 21:25:23.910641+00,2025-03-10 22:17:57.773514+00
f4f90e42-a5ac-4757-aa37-35ca0d6509a5,en,home.filters.activeLabel,Active filters,2025-03-10 21:08:48.918996+00,2025-03-10 22:17:57.773514+00
f57eb037-f63c-4e1d-b908-beeb9e84fde6,pt-BR,resource.saved,Salvo,2025-03-10 21:25:23.910641+00,2025-03-10 22:17:57.773514+00
f5c9a45c-a9f1-4752-b2d0-cb0d7ba8d723,pt-BR,software.cursor,Cursor,2025-03-10 21:08:48.918996+00,2025-03-10 22:17:57.773514+00
f5cd55a3-8563-4190-9278-2368149cbe36,en,common.signOut,Sign Out,2025-03-10 20:53:46.593206+00,2025-03-10 22:17:57.773514+00
f60562fc-9513-41be-8b40-8102c1722818,en,home.filters.noTags,No tags available,2025-03-11 18:20:36.101134+00,2025-03-11 18:20:36.101134+00
f616ba70-f28d-4d7f-a111-f0f3278d1177,pt-BR,home.search.placeholder,"Pesquisar recursos, ferramentas ou inspiração...",2025-03-10 21:08:48.918996+00,2025-03-10 22:17:57.773514+00
f6ad0489-4e86-4666-9009-a6000a2357ec,pt-BR,software.photoshop,Photoshop,2025-03-10 21:08:48.918996+00,2025-03-10 22:17:57.773514+00
f71b2044-755b-4dce-b731-4b8d2789ef92,pt-BR,subcategories.fonts,Fontes,2025-03-10 21:08:48.918996+00,2025-03-10 22:17:57.773514+00
f71f02f3-2165-4d78-a60b-e0d14281c0e2,en,software.blender,Blender,2025-03-10 21:08:48.918996+00,2025-03-10 22:17:57.773514+00
f723f830-bec7-469d-b048-952fd174da83,en,resource.removedFromFavorites,Removed from favorites,2025-03-10 21:25:23.910641+00,2025-03-10 22:17:57.773514+00
f7b0a645-bdda-4ec9-acbd-eb93b54bdb3e,en,subcategories.3d,3D,2025-03-10 21:08:48.918996+00,2025-03-10 22:17:57.773514+00
f81f9099-275c-475c-af65-9718dbb0b301,pt-BR,home.filters.selectedFilters,Filtros selecionados,2025-03-11 18:20:36.101134+00,2025-03-11 18:20:36.101134+00
f82bd2ba-7bc1-45d9-b7a3-ae8fd09a20bf,en,tags.after-effects,after-effects,2025-03-11 18:47:58.506637+00,2025-03-11 18:47:58.506637+00
f84182ba-1c0f-425a-be67-3d46f8859bf5,en,ui.none,None,2025-03-11 15:35:51.393939+00,2025-03-11 15:35:51.393939+00
f857a223-b55c-4e28-9ce3-a94fc7eac845,en,profile.signOut.button,Sign Out,2025-03-11 13:56:46.837146+00,2025-03-11 13:56:46.837146+00
f8c80e0d-68a2-451d-8f46-2121afc7572c,pt-BR,profile.title,Perfil,2025-03-11 13:56:46.837146+00,2025-03-11 13:56:46.837146+00
f9fbd45d-9fa9-4c9f-bcb5-a2d135fb8e10,pt-BR,editProfile.validation.tooLong,Nome de usuário deve ter menos de 20 caracteres,2025-03-10 22:35:19.634073+00,2025-03-10 22:35:19.634073+00
f9fcee53-47de-40ba-92ec-4922145af935,pt-BR,status.tables.status.accessible,Acessível,2025-03-11 13:56:46.837146+00,2025-03-11 13:56:46.837146+00
fa9555bd-53e0-4e19-858f-f2c1bf03ac3e,en,ui.retry,Retry,2025-03-11 15:35:51.393939+00,2025-03-11 15:35:51.393939+00
faf715ae-0247-4fde-a391-302349f8e01a,pt-BR,software.indesign,InDesign,2025-03-10 21:08:48.918996+00,2025-03-10 22:17:57.773514+00
fb25e44a-a4f3-4b94-9e25-cccd2827b93a,pt-BR,tags.illustrator,illustrator,2025-03-11 18:47:58.506637+00,2025-03-11 18:47:58.506637+00
fb69441c-c1c2-459c-a2a1-3474e0744860,en,status.tables.status,Status,2025-03-11 13:56:46.837146+00,2025-03-11 13:56:46.837146+00
fb827542-d349-4164-8e05-812ca9d5c649,en,category.filters.subcategories,Subcategories,2025-03-11 13:56:46.837146+00,2025-03-11 13:56:46.837146+00
fb84fbe5-1463-4a93-a93a-236355f8a37d,en,common.error.loading,Failed to load resources,2025-03-11 13:56:46.837146+00,2025-03-11 13:56:46.837146+00
fc6ea630-aa23-42aa-8717-dadad7db39ed,en,resource.views,Views,2025-03-10 21:25:23.910641+00,2025-03-10 22:17:57.773514+00
fcf80265-d165-4aa3-bdbd-824761066d8c,pt-BR,profile.errors.unexpectedSignOut,Ocorreu um erro inesperado ao sair,2025-03-11 13:56:46.837146+00,2025-03-11 13:56:46.837146+00
fd3203fb-8f9d-4bcd-ad19-d8af3d1bbd46,pt-BR,home.categories.inspiration,Inspiração,2025-03-10 22:17:57.773514+00,2025-03-10 22:17:57.773514+00
fd63a2d2-c3b5-4673-9272-e75ae82c1af2,en,tags.react,react,2025-03-11 18:47:58.506637+00,2025-03-11 18:47:58.506637+00
ff186921-b5b0-4c1c-9ab1-3596e99ccde6,pt-BR,subcategories.ui-ux,UI/UX,2025-03-10 21:08:48.918996+00,2025-03-10 22:17:57.773514+00
ff90c9d2-5443-41ab-b124-21a19e1a0a2b,pt-BR,tags.figma,figma,2025-03-11 18:47:58.506637+00,2025-03-11 18:47:58.506637+00
ffa6075d-fc42-4384-82e8-fb4735d23cf0,pt-BR,status.server.uptimeValue,{hours} horas,2025-03-11 13:56:46.837146+00,2025-03-11 13:56:46.837146+00
ffad7d10-5882-4543-a736-dffed6009b0f,pt-BR,home.tags.clear,Limpar tags,2025-03-10 22:17:57.773514+00,2025-03-10 22:17:57.773514+00